captcha_type,visual_quality,context_match,failure_rate,brand_consistency,is_malicious
classic character CAPTCHA,0.9480134283401183,0.8028037748253828,0.05984787834335409,0.7069237187817323,0
classic character CAPTCHA,0.9201841126744219,0.7498485568504905,0.19122773003224486,0.713213301596668,0
classic character CAPTCHA,0.8407056277416485,0.7311818429586845,0.06855301333672642,0.7536023187999217,0
classic character CAPTCHA,0.990000790674405,0.6380450372885583,0.366979625568056,0.9562462232683737,0
classic character CAPTCHA,0.7553846806796983,0.9777131633842502,0.3417197562215956,0.7871619842145198,0
classic character CAPTCHA,0.8653205345273177,0.8408428942607231,0.29808067367080154,0.8127042297997213,0
classic character CAPTCHA,0.6639017802254693,0.7314100967710143,0.3907348698749757,0.9865779097354475,0
classic character CAPTCHA,0.6756476992576483,0.9909363788641437,0.25094754082253784,0.5371022618365974,0
classic character CAPTCHA,0.9307164460984959,0.5779288693467579,0.3144735610477222,0.5602431765763273,0
classic character CAPTCHA,0.9315055981902706,0.5285508711815337,0.19257941728593297,0.7239820047399879,0
classic character CAPTCHA,0.9608109844559861,0.6755820184170473,0.1457416043443115,0.5305672394538935,0
classic character CAPTCHA,0.6899053060823028,0.7023918479398286,0.39738278684776174,0.9214794169439317,0
classic character CAPTCHA,0.560735278540804,0.7030129787606616,0.26490631839143775,0.5851368584573371,0
classic character CAPTCHA,0.9336492520130872,0.6355187878019639,0.3151605856769762,0.7188928528309677,0
classic character CAPTCHA,0.8175093648523265,0.8990607439443841,0.3272629427623205,0.5801306843976032,0
classic character CAPTCHA,0.5702217504549347,0.8292191304846719,0.35275057612479865,0.7348254107471657,0
classic character CAPTCHA,0.6884483175995357,0.9318887578895625,0.16279679090433685,0.7259304058331839,0
classic character CAPTCHA,0.6486695486005971,0.5231716291897939,0.18221525557792734,0.9447645574938435,0
classic character CAPTCHA,0.6171193170266245,0.9729072053892576,0.19121322052591339,0.7122932129864259,0
classic character CAPTCHA,0.5336183029829844,0.5206240474847124,0.10181339913469556,0.9968905816638387,0
classic character CAPTCHA,0.5410712850621793,0.9408931957972241,0.19038363852559315,0.748290691363088,0
classic character CAPTCHA,0.5751864653914536,0.6507088397156171,0.3534467603708286,0.5345006073282046,0
classic character CAPTCHA,0.8159984224665461,0.9272500405040338,0.09841731214464577,0.7893478877579102,0
classic character CAPTCHA,0.5366021046725495,0.8454442134382354,0.23419941681588996,0.5912372248440025,0
classic character CAPTCHA,0.8174193399154359,0.7389312035240372,0.07352504454523723,0.7250813398393608,0
classic character CAPTCHA,0.7728839720609886,0.5927233904008179,0.08907549159565903,0.6961978652787612,0
classic character CAPTCHA,0.9268638700332283,0.6365617665940835,0.3633895126200497,0.801171413353021,0
classic character CAPTCHA,0.566646743408352,0.5666035049701632,0.3107797172362815,0.6331572458923049,0
classic character CAPTCHA,0.7258753723345426,0.5933612096464855,0.3460204448792441,0.7633393050920069,0
classic character CAPTCHA,0.5742995201924527,0.9418295525147734,0.33687294014015495,0.7230143923984834,0
classic character CAPTCHA,0.8092123558413146,0.6593858661220915,0.25225231199103937,0.7503019485608158,0
classic character CAPTCHA,0.5039778500141936,0.9494062718796965,0.20160729159637275,0.5740388509449919,0
classic character CAPTCHA,0.9204819549173259,0.5133995046965556,0.22970882844797907,0.9722508917453041,0
classic character CAPTCHA,0.8023119708442792,0.8671621966472253,0.10405624437806649,0.9291658967654174,0
classic character CAPTCHA,0.9601012190469429,0.8207799151286668,0.2588647725321744,0.5309875818298291,0
classic character CAPTCHA,0.5015937404757069,0.9174987259589396,0.2241750561661749,0.7347213717735546,0
classic character CAPTCHA,0.5649971741324964,0.8992260726355024,0.06325196742739227,0.6617042678690015,0
classic character CAPTCHA,0.618559718599305,0.5681976355402467,0.152212623715301,0.6672333266330142,0
classic character CAPTCHA,0.7061909164926181,0.90210948450746,0.20446183963468867,0.9743841651411087,0
classic character CAPTCHA,0.6492279024948278,0.8371519832698913,0.14224359343953086,0.723247883769429,0
classic character CAPTCHA,0.9475641583507579,0.5132804805248039,0.22091756906910842,0.5047396125536602,0
classic character CAPTCHA,0.9196337456529501,0.5015227254887595,0.3022507600989962,0.7569946964850507,0
classic character CAPTCHA,0.9567444408090069,0.5737073315021627,0.319603561042252,0.6322340744735591,0
classic character CAPTCHA,0.801246772713205,0.9733604161382188,0.35464083887841885,0.6838056024183798,0
classic character CAPTCHA,0.745744786853149,0.990297849527075,0.14582471464996902,0.5455339515873232,0
classic character CAPTCHA,0.6695629632280494,0.783455901253789,0.37743408518376376,0.596401395383767,0
classic character CAPTCHA,0.538965450857258,0.8905442281286251,0.184520250616172,0.7479679691511745,0
classic character CAPTCHA,0.8890156735372882,0.8588548261277826,0.37049485520440884,0.6924456994318329,0
classic character CAPTCHA,0.5515450140892522,0.5657609841647591,0.2448416719832312,0.5283685716744164,0
classic character CAPTCHA,0.8600893191668871,0.5741992468802706,0.19466204845662766,0.7092997633221763,0
classic character CAPTCHA,0.9309361004193835,0.7239773133822094,0.13360331480296178,0.8642729600360723,0
classic character CAPTCHA,0.660180494167225,0.6615152525880696,0.27216730382816884,0.7494154655141363,0
classic character CAPTCHA,0.8411112436061325,0.8918836620017467,0.2706084159612667,0.7541565765018691,0
classic character CAPTCHA,0.6707481311113523,0.6511225816543889,0.2339058642062073,0.8061433896264427,0
classic character CAPTCHA,0.9190533293729177,0.830914959888203,0.1899517382273676,0.5966097147902372,0
classic character CAPTCHA,0.7188705179165336,0.916093121883911,0.07437024915663447,0.6175457084011442,0
classic character CAPTCHA,0.6440895870066715,0.8974132438194524,0.117890100967819,0.6534632413541119,0
classic character CAPTCHA,0.7546696415428213,0.6778291283648311,0.07283805152719111,0.5641906456022706,0
classic character CAPTCHA,0.6964422289567045,0.7033237206757738,0.34232391561179215,0.8448583133397345,0
classic character CAPTCHA,0.6475930710367138,0.7989042048333477,0.21321581518332955,0.8988365815444121,0
classic character CAPTCHA,0.9948977206390306,0.9817367329155697,0.39560923802922004,0.9073889661451673,0
classic character CAPTCHA,0.9256322341205001,0.8536383040489455,0.1293815839819062,0.7151543767082849,0
classic character CAPTCHA,0.6658006360730939,0.8940291214638616,0.2722347773922498,0.8204240008262842,0
classic character CAPTCHA,0.8442001894362079,0.9416624110237153,0.05990020252104179,0.9038370442260925,0
classic character CAPTCHA,0.6233537027292753,0.9117340566742003,0.3196187143408058,0.7474771903440416,0
classic character CAPTCHA,0.7908459590395855,0.7540758639914331,0.21749591883513125,0.8174123401686363,0
classic character CAPTCHA,0.7246380774901187,0.9235529398904101,0.25691402275593533,0.6125464683300955,0
classic character CAPTCHA,0.8666888184299791,0.6879465108120942,0.23579665425786522,0.865234899081248,0
classic character CAPTCHA,0.5798268060283969,0.995372993163655,0.21508627689087323,0.7552220580765651,0
classic character CAPTCHA,0.6432097553564087,0.7875889429229908,0.1470597362710116,0.7362943533260548,0
classic character CAPTCHA,0.8634386563470134,0.7146554065819943,0.1983337329705701,0.6850555911887837,0
classic character CAPTCHA,0.5548302211456644,0.5871556596266003,0.14472337291891108,0.5551132291126699,0
classic character CAPTCHA,0.9384543374160996,0.5937308084377407,0.12227493914181903,0.9488829564920214,0
classic character CAPTCHA,0.5610322323489574,0.6504852723567204,0.16552965929512203,0.9664472703285518,0
classic character CAPTCHA,0.507218283833605,0.9963134578645385,0.12723682043003032,0.5731776660348664,0
classic character CAPTCHA,0.9699392060508665,0.8744108084330606,0.12703608923830323,0.8466747172635782,0
classic character CAPTCHA,0.7329400264846165,0.7663810689920691,0.11756163477494733,0.5263729579568863,0
classic character CAPTCHA,0.5480028106480654,0.6911240655710227,0.09893074835341359,0.5497314606399706,0
classic character CAPTCHA,0.5367271549837503,0.983917079406786,0.34460869456389503,0.6916389947233803,0
classic character CAPTCHA,0.8570821328479222,0.7350966768954696,0.16299018739272336,0.9019268080220146,0
classic character CAPTCHA,0.8078160605205058,0.9285035077286623,0.053069052383522955,0.9791014773084813,0
classic character CAPTCHA,0.894678178745414,0.9478352766536197,0.23058446653155856,0.9791633380047098,0
classic character CAPTCHA,0.689892997506754,0.9918243890044289,0.32975849695756954,0.7285236589871442,0
classic character CAPTCHA,0.8494119478579735,0.8575543713713756,0.3249451605402042,0.9810475727422963,0
classic character CAPTCHA,0.6874424723382487,0.6468247692597273,0.13453602737465373,0.9565039826322727,0
classic character CAPTCHA,0.6571829601937129,0.8674277639209649,0.12626833934108442,0.7004490855679913,0
classic character CAPTCHA,0.853619428095739,0.529664399557759,0.06292027230109457,0.5230123437682038,0
classic character CAPTCHA,0.5360801779666552,0.6433982787864977,0.2829689822435018,0.8309713285759589,0
classic character CAPTCHA,0.725089365609547,0.7137975047938878,0.35626447476911594,0.805744789583937,0
classic character CAPTCHA,0.7233257235471187,0.5420598796939662,0.23364590908083854,0.6339267733403399,0
classic character CAPTCHA,0.9617104578050574,0.6466491157006051,0.21150331534998218,0.8969533315676911,0
classic character CAPTCHA,0.5886599013087335,0.6895764659589732,0.3991767950362119,0.8137008892394835,0
classic character CAPTCHA,0.9555333417369094,0.5986024029580228,0.25951633000035673,0.5575886535384598,0
classic character CAPTCHA,0.7383818231069146,0.5622373254442113,0.3264527062085524,0.989306130562337,0
classic character CAPTCHA,0.9871596547654149,0.5978136523413102,0.10784923654277132,0.7675265903066442,0
classic character CAPTCHA,0.7682015407499554,0.9900674878192244,0.05000755330957908,0.9688968567896399,0
classic character CAPTCHA,0.5792988041933793,0.9785223545366385,0.07342045897170549,0.8126581068227101,0
classic character CAPTCHA,0.7999741785151299,0.7455990546854686,0.13478512665997508,0.5295697878037446,0
classic character CAPTCHA,0.5668336451219524,0.668616921792659,0.08164611435317026,0.7382315050144559,0
classic character CAPTCHA,0.9934136362013721,0.7390337889164358,0.08326202595397751,0.7340401384714328,0
classic character CAPTCHA,0.5062025190818717,0.899473323585287,0.105157641987853,0.6153125960611938,0
classic character CAPTCHA,0.8215396373009184,0.7006384479608396,0.22903838164084372,0.9264645510697421,0
classic character CAPTCHA,0.6318455841311275,0.9279799751851266,0.07632051437928174,0.7895434987255512,0
classic character CAPTCHA,0.7238026580972279,0.6645949796302768,0.18987793480079107,0.7158897266771024,0
classic character CAPTCHA,0.5959196756263242,0.7195086039916047,0.32224961398569846,0.6094227825469244,0
classic character CAPTCHA,0.9962168838314842,0.6240975487490741,0.08018908300577342,0.5464885063177982,0
classic character CAPTCHA,0.5374856640471208,0.9989365063768718,0.18563433303444477,0.6860795144226458,0
classic character CAPTCHA,0.6462090514047203,0.748547377341121,0.21173364273812162,0.5494887934377666,0
classic character CAPTCHA,0.6083174568596965,0.5198734790801394,0.1536036276566915,0.928888389805133,0
classic character CAPTCHA,0.948429029378016,0.9681854558708579,0.11749461001369349,0.9008458696051764,0
classic character CAPTCHA,0.5681131272486759,0.7035395588873781,0.26512161293869463,0.8732770236369347,0
classic character CAPTCHA,0.8476606588847996,0.7159488473605251,0.06593071244312065,0.6091973443399126,0
classic character CAPTCHA,0.9380840692828867,0.9792027553079948,0.14348960690574408,0.7715888166547492,0
classic character CAPTCHA,0.8009713627578486,0.67787511255774,0.13877609959692466,0.8851651912938268,0
classic character CAPTCHA,0.568631496579334,0.9391890803962869,0.18826311493279835,0.6258045913575718,0
classic character CAPTCHA,0.8966843535645254,0.920970844412043,0.054454232484847626,0.6333622480978454,0
classic character CAPTCHA,0.9818635610734716,0.6917525767727043,0.13505390827716443,0.5196158550457157,0
classic character CAPTCHA,0.7229051533142159,0.6892022606514974,0.277048354229962,0.6135255415222576,0
classic character CAPTCHA,0.7619907838824758,0.89357696806572,0.1527744589217154,0.7478309850273579,0
classic character CAPTCHA,0.7891519874778247,0.7008256953732195,0.24080522910175972,0.543423708404997,0
classic character CAPTCHA,0.7797486463717347,0.7694176054184374,0.13316742936282966,0.7052448410579779,0
classic character CAPTCHA,0.5530016953865742,0.7225987833698222,0.3913253117075621,0.5930956116015458,0
classic character CAPTCHA,0.7122928955396447,0.6313364439406534,0.1083739914567364,0.8277397634609998,0
classic character CAPTCHA,0.5783662173309514,0.8796426013562975,0.35160869053075994,0.8426888197970693,0
classic character CAPTCHA,0.9007960078301798,0.996661589744426,0.12989981880684626,0.9636787614928202,0
classic character CAPTCHA,0.9158630403714196,0.7903312330732364,0.15479207811519508,0.7411516997959212,0
classic character CAPTCHA,0.543327303634403,0.7576284961961478,0.11993758861465324,0.6564272826439932,0
classic character CAPTCHA,0.7664901773488932,0.6651221834077061,0.3030187436250574,0.6775272029801906,0
classic character CAPTCHA,0.710750485342764,0.9802803945678832,0.31675860454580224,0.8723648486326772,0
classic character CAPTCHA,0.7363446173274402,0.669082195134258,0.08585008450912293,0.8828574636843113,0
classic character CAPTCHA,0.5693040058214554,0.7441233192057957,0.18650247459674596,0.6510851157274156,0
classic character CAPTCHA,0.7521008696198512,0.8469194398492423,0.08490593392360676,0.9097929244953916,0
classic character CAPTCHA,0.8495834634034256,0.5904879806144161,0.09966500000213001,0.66002046440184,0
classic character CAPTCHA,0.6878551246425,0.9601739846816708,0.08055827371112079,0.6169193430902087,0
classic character CAPTCHA,0.6791517317373619,0.9110022042764752,0.2956891202034696,0.8626694100045349,0
classic character CAPTCHA,0.6266473759958109,0.7481808100561521,0.2547529083447662,0.6924041797008226,0
classic character CAPTCHA,0.7056332493775022,0.7706400687072663,0.22159179623051145,0.628965887879388,0
classic character CAPTCHA,0.6974442729094401,0.6715868257977835,0.3199046419309082,0.5605809224413503,0
classic character CAPTCHA,0.6486750851849463,0.6868603252055064,0.3576774285560345,0.51203518460988,0
classic character CAPTCHA,0.5609803425143951,0.527766141214533,0.08954613266541982,0.5001404982902311,0
classic character CAPTCHA,0.9042118627788196,0.9099578788171168,0.3112370694163112,0.5144349405025939,0
classic character CAPTCHA,0.861204540146552,0.8762691628889534,0.2406898638485125,0.8481501499521613,0
classic character CAPTCHA,0.9139696182066946,0.5061382655426013,0.11173707639711528,0.8744782298828313,0
classic character CAPTCHA,0.9429023498723259,0.7795247041792841,0.2882754400875621,0.7417351004625837,0
classic character CAPTCHA,0.9985915706617892,0.9899848961429057,0.35699163249841825,0.7527982875790785,0
classic character CAPTCHA,0.6167006521741101,0.6453684026554257,0.3294515777896918,0.5123808485280253,0
classic character CAPTCHA,0.645038268397978,0.7601721850319038,0.056709529923951306,0.507620153400592,0
classic character CAPTCHA,0.7543966929494983,0.6242080272752806,0.3251140945077236,0.6034865185425666,0
classic character CAPTCHA,0.9443673520778696,0.8706119972139452,0.05851973207512412,0.9909089867953422,0
classic character CAPTCHA,0.9521501389145077,0.985363550644687,0.3136854603436908,0.9730951913126074,0
classic character CAPTCHA,0.5910538884270945,0.9130837034430994,0.31104566647480564,0.7737393430522674,0
classic character CAPTCHA,0.725195416074565,0.6533269468416667,0.3561980094463533,0.7840423558693216,0
classic character CAPTCHA,0.8878394673652152,0.7863290280921191,0.30211204071547476,0.7086814958245371,0
classic character CAPTCHA,0.8291483124367809,0.9653936158899112,0.3194644518305738,0.7148040792130022,0
classic character CAPTCHA,0.5523330446488468,0.9321029565466776,0.2702661269881326,0.569262271577416,0
classic character CAPTCHA,0.7044075743614852,0.8340397234256726,0.3062485642086746,0.8899973120401612,0
classic character CAPTCHA,0.7986225428091247,0.7457371109764321,0.22551432282304856,0.9987527548599127,0
classic character CAPTCHA,0.9205306993081505,0.9494397889094446,0.3205933468323996,0.9573604201249304,0
classic character CAPTCHA,0.8624818763712966,0.6356842809380725,0.18623370440985015,0.5166398707864459,0
classic character CAPTCHA,0.9408073442685816,0.7921699993423907,0.20541464406181753,0.8416103418794343,0
classic character CAPTCHA,0.7568017814610148,0.5466577762573568,0.05949259133901937,0.6174273308543494,0
classic character CAPTCHA,0.8129359387667954,0.9315148894712493,0.2963479047687535,0.999749155793962,0
classic character CAPTCHA,0.5858584197411636,0.5129853895537699,0.19410428765935567,0.7082851175247826,0
classic character CAPTCHA,0.6420950854932611,0.5162145625798342,0.13325323943821976,0.9028236084906182,0
classic character CAPTCHA,0.8720179318612669,0.820189560310598,0.13973239887935157,0.7643091229577301,0
classic character CAPTCHA,0.6293164681885746,0.5347463044155414,0.272426671266766,0.5679348632224175,0
classic character CAPTCHA,0.639423469914511,0.5307904221663206,0.19449972662907744,0.7269113899356949,0
classic character CAPTCHA,0.5617901100599264,0.9616999298837023,0.34092056013736094,0.8188932901000481,0
classic character CAPTCHA,0.988355443929151,0.7912046801372117,0.12205706302930742,0.5834444506648075,0
classic character CAPTCHA,0.7198570234949604,0.9923437515091589,0.07261544193860693,0.6928209947128063,0
classic character CAPTCHA,0.9790530051356015,0.5505327917719207,0.3228067469265886,0.7822234738839782,0
classic character CAPTCHA,0.6432173731993658,0.775081048097086,0.38166213903434404,0.6118459555508338,0
distorted-word CAPTCHA,0.6766055584104567,0.8989421998611193,0.15228768708861062,0.7523973283135013,0
distorted-word CAPTCHA,0.549349604840229,0.7588215057976408,0.31950104306430815,0.874669327845377,0
distorted-word CAPTCHA,0.5122482826671277,0.7711314584833058,0.27786712603819613,0.5128868567555965,0
distorted-word CAPTCHA,0.7396762305099798,0.6334701097005504,0.19814035233306676,0.8639882997957521,0
distorted-word CAPTCHA,0.8838959198338247,0.57783947203832,0.11130736975953603,0.7108102624312722,0
distorted-word CAPTCHA,0.6016441360524165,0.8358256182520216,0.3224798988627611,0.8032286616637918,0
distorted-word CAPTCHA,0.8377042338485652,0.9091620414921975,0.28238385646589,0.6582828065455659,0
distorted-word CAPTCHA,0.6862606839690074,0.6636301556917172,0.3995368599783462,0.5141458777873955,0
distorted-word CAPTCHA,0.6481353961082221,0.8690715949420817,0.26601757310821844,0.7466685219779295,0
distorted-word CAPTCHA,0.8070205620497463,0.6506404769905778,0.23948918748425962,0.7337084582545605,0
distorted-word CAPTCHA,0.5892336453870226,0.8812502682033736,0.17993078840456034,0.5386495975713157,0
distorted-word CAPTCHA,0.679345158212138,0.9736698721506181,0.1286607646081926,0.7515047019597021,0
distorted-word CAPTCHA,0.7575281674755332,0.9379495393691738,0.2909083755034514,0.5320433761522843,0
distorted-word CAPTCHA,0.9250968110261011,0.7403609044072559,0.05756425705558302,0.5023424400443491,0
distorted-word CAPTCHA,0.862685895243987,0.9326251988843791,0.0557684704871201,0.7879636282297631,0
distorted-word CAPTCHA,0.5409384801331041,0.6435121747098067,0.0583474101433786,0.6244911946677529,0
distorted-word CAPTCHA,0.7233506013295194,0.9358985183580236,0.05554154936814406,0.5979489329830676,0
distorted-word CAPTCHA,0.8813100241424399,0.8621866826369806,0.352409937449414,0.749949709965659,0
distorted-word CAPTCHA,0.8266264940118069,0.8396768007321391,0.30518955931079267,0.9728373574338052,0
distorted-word CAPTCHA,0.9203460473532268,0.6388144304584424,0.3498779851338865,0.7613347949476502,0
distorted-word CAPTCHA,0.7758945567261109,0.7495041966185918,0.3142399274951184,0.8986127928527199,0
distorted-word CAPTCHA,0.5463293038627695,0.7293089356301143,0.06905352731185888,0.6344664192761216,0
distorted-word CAPTCHA,0.8344808808077214,0.8628578365252363,0.3139219245250154,0.9235775327884084,0
distorted-word CAPTCHA,0.8720804375485565,0.9931830917184554,0.17638126728602949,0.5884611835963496,0
distorted-word CAPTCHA,0.7696842004092698,0.5059343762039443,0.11962614542317118,0.7214218781239459,0
distorted-word CAPTCHA,0.7415135200471372,0.8450368334485183,0.21215314173592242,0.566711141654414,0
distorted-word CAPTCHA,0.8651938688563601,0.9749193252073847,0.2872450131461861,0.9330285363307431,0
distorted-word CAPTCHA,0.8586251072038668,0.9426737828465004,0.0918305984817689,0.6098467649302601,0
distorted-word CAPTCHA,0.6359208982723115,0.6083205963281431,0.3246754556587879,0.7541007759447467,0
distorted-word CAPTCHA,0.6494719666940749,0.8321938945303344,0.19953775187746248,0.8364875186011851,0
distorted-word CAPTCHA,0.9791265248886698,0.6804230315437318,0.39100699072694606,0.608093763739227,0
distorted-word CAPTCHA,0.8712958279969676,0.8550736988371992,0.3086099639770964,0.9337904852112467,0
distorted-word CAPTCHA,0.5563422653612001,0.8926393352460051,0.36004464210331183,0.5607700983446525,0
distorted-word CAPTCHA,0.8970922977331584,0.5653128599890342,0.39003278954207404,0.9253238375671824,0
distorted-word CAPTCHA,0.8939862551654028,0.5421469801893,0.24902515966725586,0.9809642275776181,0
distorted-word CAPTCHA,0.9561787870656591,0.817944016935814,0.21795162010046515,0.9430641810579363,0
distorted-word CAPTCHA,0.6003554330716125,0.9379814121184202,0.08473030842202581,0.8632262303120992,0
distorted-word CAPTCHA,0.7506841631041881,0.5836728883357541,0.194270021565985,0.5814994018325581,0
distorted-word CAPTCHA,0.9336261754196409,0.787144767881269,0.059956743171038114,0.6037058401533012,0
distorted-word CAPTCHA,0.6429854342361367,0.6734485317938516,0.2722637651987198,0.9683966387856826,0
distorted-word CAPTCHA,0.8244915275203453,0.5394479309322251,0.2759481783556976,0.5981120218118566,0
distorted-word CAPTCHA,0.7595512510635596,0.9530593483229819,0.07418008128552188,0.7254922451325966,0
distorted-word CAPTCHA,0.9080059599333026,0.766047468544655,0.3653672090854047,0.7717451679212896,0
distorted-word CAPTCHA,0.7560051548577771,0.6279578167852455,0.17150810547083767,0.6614520521421392,0
distorted-word CAPTCHA,0.7771336872837133,0.7194442426183727,0.14762033167254043,0.9052066006150156,0
distorted-word CAPTCHA,0.6743680379546777,0.5335905275966766,0.3140745114375167,0.5911397740643001,0
distorted-word CAPTCHA,0.5875613131714255,0.856788163646184,0.1628693218882164,0.9286175828427485,0
distorted-word CAPTCHA,0.773232650921541,0.8115697630901999,0.23678466842655327,0.6631868956123449,0
distorted-word CAPTCHA,0.8331063141188528,0.7547392209263295,0.13234481166930567,0.6205553548144744,0
distorted-word CAPTCHA,0.8519620464557394,0.5324433281570079,0.3675987906591603,0.5249126254370546,0
distorted-word CAPTCHA,0.6442694709625637,0.6485410792442476,0.3473823914311448,0.8221129750254481,0
distorted-word CAPTCHA,0.8128807448539082,0.5823947932430273,0.1363582356461851,0.591012860195155,0
distorted-word CAPTCHA,0.801825138102568,0.9838171002107028,0.18936086361429083,0.6565299189210358,0
distorted-word CAPTCHA,0.8952482824286905,0.8148246080543915,0.14690040547539562,0.5609138112758525,0
distorted-word CAPTCHA,0.7270720991427617,0.9301061290829599,0.18558639879047156,0.8240798491820682,0
distorted-word CAPTCHA,0.6228116368928334,0.7733889278220824,0.22649841007156785,0.5133326936800151,0
distorted-word CAPTCHA,0.6435076621042446,0.7609707553518623,0.17949934340008583,0.7592942327887581,0
distorted-word CAPTCHA,0.5558666940983419,0.8404247740401851,0.16856778030068006,0.7903416902352705,0
distorted-word CAPTCHA,0.7347453427040238,0.7411473389237767,0.15775783893442696,0.783229208891137,0
distorted-word CAPTCHA,0.7626506858146878,0.7571464193431529,0.3936396316053978,0.6751515392910985,0
distorted-word CAPTCHA,0.8007238974327201,0.8790303716146475,0.05943254864606351,0.5985892442012489,0
distorted-word CAPTCHA,0.9276087500495218,0.6850064115918986,0.19636677120523077,0.5925931756705598,0
distorted-word CAPTCHA,0.591915856476445,0.6383475054142702,0.10974917910181962,0.5349309831668045,0
distorted-word CAPTCHA,0.7640771817304703,0.7597532184703168,0.30289842085514623,0.5237065519392374,0
distorted-word CAPTCHA,0.5966874948103655,0.961487143507998,0.2317099240148774,0.9449968875022869,0
distorted-word CAPTCHA,0.7943686937344421,0.9235691124984589,0.3618030240618853,0.9594864648373784,0
distorted-word CAPTCHA,0.6005482937065012,0.7961840972419616,0.2215549684501925,0.8599542806641101,0
distorted-word CAPTCHA,0.8576725949718701,0.5109779232006619,0.14814163541756917,0.8231363749451182,0
distorted-word CAPTCHA,0.9521713163625589,0.502998475797733,0.36864341132198253,0.9514064044257065,0
distorted-word CAPTCHA,0.5863319339066377,0.5028032627427658,0.35880340081752454,0.5412223907242302,0
distorted-word CAPTCHA,0.5426084973265537,0.7250273472775781,0.37285465796591816,0.9356953120636611,0
distorted-word CAPTCHA,0.7722930084385767,0.8212432882870958,0.17803997035185692,0.6253460184727042,0
distorted-word CAPTCHA,0.725839409258979,0.8481130740892571,0.1956746403667985,0.6879962578082297,0
distorted-word CAPTCHA,0.8432297903746506,0.9777160695511729,0.26680025429472154,0.69263798967454,0
distorted-word CAPTCHA,0.6224613363565343,0.8090670589362414,0.15030032700016352,0.9021726339207742,0
distorted-word CAPTCHA,0.7308459666703799,0.7100001535383081,0.12850801343619084,0.9992856589942425,0
distorted-word CAPTCHA,0.7140411143852351,0.5668944169139157,0.06436697934938528,0.6216101312834046,0
distorted-word CAPTCHA,0.9262824860426269,0.7372859244518946,0.3924498471299076,0.7238360443746683,0
distorted-word CAPTCHA,0.9550320430657784,0.9978255461162386,0.14925097472352844,0.609976952383541,0
distorted-word CAPTCHA,0.5168686348970057,0.5475349992062086,0.33215493078906033,0.9962838665703528,0
distorted-word CAPTCHA,0.8734998914437069,0.5791251438719154,0.1898702971394456,0.6826756917669408,0
distorted-word CAPTCHA,0.6268787010883243,0.9346184621734603,0.10521000466830571,0.951326674862339,0
distorted-word CAPTCHA,0.7933048734681564,0.5484945422063732,0.37044392774073504,0.9179458850647109,0
distorted-word CAPTCHA,0.9967299314413245,0.9217683911493071,0.3670267914853074,0.8580800971564913,0
distorted-word CAPTCHA,0.906939668416151,0.7738398495030329,0.21401028781663645,0.7198912527831451,0
distorted-word CAPTCHA,0.9337717663971533,0.6181594118192353,0.2260876463311875,0.5716669951098219,0
distorted-word CAPTCHA,0.7001116559010121,0.5999914959191038,0.38521754123720653,0.570381857887771,0
distorted-word CAPTCHA,0.8807225427998013,0.9010350372981356,0.2007691022005077,0.9895567756255119,0
distorted-word CAPTCHA,0.5009376047092495,0.7095391288692539,0.36234699836585005,0.882424706460062,0
distorted-word CAPTCHA,0.5244259128016066,0.5121867184939735,0.13904758680451976,0.8505523687007508,0
distorted-word CAPTCHA,0.5866707254762609,0.555896171506068,0.23070403087621155,0.5061996567008625,0
distorted-word CAPTCHA,0.5880240797972938,0.8015268900390884,0.39220861068262325,0.8979508128074014,0
distorted-word CAPTCHA,0.9504431090769778,0.615000561604244,0.0855351526771643,0.7668155951572149,0
distorted-word CAPTCHA,0.9396675087317021,0.8261529940370815,0.19535072809031245,0.9605081564286436,0
distorted-word CAPTCHA,0.6507058894633829,0.6123113290515234,0.3946440167017324,0.5775189162162044,0
distorted-word CAPTCHA,0.7624022588098869,0.6748406420946231,0.370007828530502,0.8687556389054867,0
distorted-word CAPTCHA,0.8973227683938663,0.6727053737165138,0.3702022492231647,0.7720441647723566,0
distorted-word CAPTCHA,0.7558895130540568,0.5860911149032408,0.29535696022053626,0.5988929105585605,0
distorted-word CAPTCHA,0.9186138972593036,0.6137353605817326,0.3649554067627915,0.8300174843879655,0
distorted-word CAPTCHA,0.8647365668444229,0.8652594588822058,0.20522036468999005,0.9547479263023935,0
distorted-word CAPTCHA,0.8597064601202558,0.6620723229113703,0.25740056638178466,0.9009851043709075,0
distorted-word CAPTCHA,0.6910287448218613,0.7327526981129077,0.10785971078492143,0.5287020894923611,0
distorted-word CAPTCHA,0.8516577304447777,0.9833856560109601,0.2676088706580939,0.652301511685617,0
distorted-word CAPTCHA,0.97287804616566,0.8154296464821639,0.3779745740253231,0.51784797659998,0
distorted-word CAPTCHA,0.5297768818184143,0.5839285699216143,0.14911786382318432,0.5019580942891958,0
distorted-word CAPTCHA,0.7584127422326333,0.8017940831811634,0.32138598411529395,0.6387681720019266,0
distorted-word CAPTCHA,0.9094598336512166,0.5106533862266771,0.12712632291445308,0.5785478235681523,0
distorted-word CAPTCHA,0.5254654612932059,0.5171276279137254,0.38598779758934293,0.7730266301551825,0
distorted-word CAPTCHA,0.5498003315621869,0.9379827707887374,0.3048766756116609,0.8838451757411786,0
distorted-word CAPTCHA,0.626005709370598,0.6595528537860609,0.1016656186550517,0.7298083906725428,0
distorted-word CAPTCHA,0.8228757911852078,0.7647835972915664,0.28251643096402274,0.7050090565049358,0
distorted-word CAPTCHA,0.792688140345324,0.5715151897171433,0.29453383322937265,0.6524724947242898,0
distorted-word CAPTCHA,0.7379937376678336,0.7234714201444876,0.18034328029223723,0.881273262897585,0
distorted-word CAPTCHA,0.8542327106336743,0.8714692116654033,0.10915944514346868,0.7997897265358422,0
distorted-word CAPTCHA,0.9805085988307716,0.8838926049601373,0.173765567953975,0.8472400215953926,0
distorted-word CAPTCHA,0.8716125516230265,0.8523199183767061,0.16051446848922152,0.66062390868596,0
distorted-word CAPTCHA,0.6144424887136137,0.5706100399917093,0.10104050231094087,0.6153360718194858,0
distorted-word CAPTCHA,0.6305877330019714,0.918914274835807,0.24008224667145145,0.847897703178748,0
distorted-word CAPTCHA,0.8340881876379962,0.7514662775806669,0.2618468358935582,0.6789467177493089,0
distorted-word CAPTCHA,0.7061823659191866,0.5435850924531658,0.2737202233149564,0.578197557522411,0
distorted-word CAPTCHA,0.5346955157692159,0.5697385397139481,0.26407280390237636,0.6249087332752137,0
distorted-word CAPTCHA,0.8586266717611808,0.6655380574050429,0.389444572704002,0.528353663483843,0
distorted-word CAPTCHA,0.8933650487731593,0.8658819216512494,0.15857503973344178,0.9794126221433614,0
distorted-word CAPTCHA,0.6293047706983951,0.711023818530062,0.3595136462163639,0.6121297268698598,0
distorted-word CAPTCHA,0.7120121438177625,0.9732348002459277,0.07620456548917522,0.8990839660946213,0
distorted-word CAPTCHA,0.9814994307762834,0.5863712601975319,0.2527107943395435,0.851364436666995,0
distorted-word CAPTCHA,0.879921251766981,0.5159948525265652,0.26791607117186556,0.5672057416628893,0
distorted-word CAPTCHA,0.6443764899774855,0.7900767194605087,0.08593376817876322,0.9670514064543279,0
distorted-word CAPTCHA,0.723001862350337,0.9219645879681875,0.055147920113405496,0.935870988678724,0
distorted-word CAPTCHA,0.5967364588874977,0.6159501857294182,0.15021375533715797,0.7223887193728067,0
distorted-word CAPTCHA,0.5486660401018266,0.6631683041451804,0.16201232868751994,0.9646858364242372,0
distorted-word CAPTCHA,0.8318784951986227,0.5559080495795027,0.20839076538226964,0.7138033456894044,0
distorted-word CAPTCHA,0.7473093885229058,0.6503717484131842,0.17728634664438353,0.6255503396397826,0
distorted-word CAPTCHA,0.8083093788363009,0.7918696346915305,0.08486361343971713,0.5278569136486257,0
distorted-word CAPTCHA,0.5745718643953273,0.8035860367139784,0.18898394471806512,0.6216637438387912,0
rotated-letter selection,0.16710191142413586,0.2208232766746371,0.7281903558936812,0.39874751234947015,1
rotated-letter selection,0.3847590256857547,0.5136909290836652,0.3400475146356601,0.4099311506766047,1
rotated-letter selection,0.5727273373676248,0.5800233269710678,0.49894322111766065,0.26990813688028764,1
rotated-letter selection,0.46253023073445865,0.42738646353093424,0.8891352077043186,0.4278377105451665,1
rotated-letter selection,0.10689565431840573,0.3851373410428379,0.8647651169507946,0.45702580725842556,1
rotated-letter selection,0.27872193206890417,0.5647321967979915,0.6277686289014675,0.29795339442692115,1
rotated-letter selection,0.16017283147711622,0.5286791709628478,0.8591720500838416,0.40827570291730764,1
rotated-letter selection,0.1752159505215348,0.4332745301660961,0.8358885207097992,0.40438229072359644,1
rotated-letter selection,0.2188259067975488,0.2524215643356229,0.6027537252299346,0.12267542346580416,1
rotated-letter selection,0.1882880283770975,0.23554195583128298,0.6137478006614687,0.48219433072758855,1
rotated-letter selection,0.5033105281913498,0.18611147236590744,0.4655898907401578,0.28285731443916406,1
rotated-letter selection,0.4123698104925878,0.5310334874658967,0.589134243217762,0.415401988664418,1
rotated-letter selection,0.5883955352659991,0.49697829830107054,0.6007757877017076,0.14529580720569762,1
rotated-letter selection,0.292618290772094,0.3372589432304981,0.6072354015857125,0.12616349422638856,1
rotated-letter selection,0.3983960120815393,0.5609821030781251,0.691595938696085,0.10541764651489527,1
rotated-letter selection,0.1198639302398721,0.21152045027236963,0.791788930479483,0.46994311752475204,1
rotated-letter selection,0.48763432998884093,0.48053013867062166,0.6801806375763497,0.2565791456826636,1
rotated-letter selection,0.4144206001235473,0.5225717832390969,0.4920918024983587,0.11357175453593356,1
rotated-letter selection,0.3190566235177814,0.3613028684528129,0.5787592009360863,0.4376939433717618,1
rotated-letter selection,0.14558659955983957,0.5178867260192099,0.3179068734863509,0.3191979681540308,1
rotated-letter selection,0.46960359329645585,0.15779975052980952,0.7677485483456523,0.3510151213975923,1
rotated-letter selection,0.21121773426293947,0.4533986074008821,0.8362849819156521,0.4587171173545227,1
rotated-letter selection,0.43366796825131104,0.14010781705928552,0.84491311740945,0.2375101784703483,1
rotated-letter selection,0.13477919013295062,0.20964544863908005,0.6647469256781343,0.20864724366279808,1
rotated-letter selection,0.16776507278382144,0.589790166600604,0.7124107504981332,0.4281813458145546,1
rotated-letter selection,0.1339708326899701,0.561684507203577,0.6366463839849521,0.4848580372391085,1
rotated-letter selection,0.2675359534229579,0.1424016327513921,0.8694620222508518,0.2527574893745471,1
rotated-letter selection,0.24470192560261608,0.4453352301528585,0.7968697649864801,0.3930951560470264,1
rotated-letter selection,0.16549233100817004,0.17445382950311292,0.7609172971030544,0.352957231177893,1
rotated-letter selection,0.4039103871255256,0.26515435434700263,0.6244487519532276,0.2507698138186041,1
rotated-letter selection,0.4908895780666107,0.44778383885326334,0.40986955001282704,0.3440533331593584,1
rotated-letter selection,0.5269425840803045,0.32373461291525174,0.5501375005623588,0.15740462588955026,1
rotated-letter selection,0.17381169402790156,0.46748204939138127,0.4234439533170534,0.4582883749907444,1
rotated-letter selection,0.4002575263905682,0.5268835940885179,0.7010819063195224,0.13838469360415373,1
rotated-letter selection,0.3075260821355176,0.4506547849903889,0.8294812079481253,0.1711173852569387,1
rotated-letter selection,0.31748388011453976,0.405622157249954,0.38770490828236026,0.14847617418150116,1
rotated-letter selection,0.35818220075747464,0.38864870673705165,0.7116057019625402,0.11957226995007697,1
rotated-letter selection,0.1738394986848523,0.2463750737557032,0.8581300963933336,0.20539021768748406,1
rotated-letter selection,0.43268895957423403,0.1512052618090153,0.4007129992386811,0.22476924215013874,1
rotated-letter selection,0.15709591673958787,0.23107769185008678,0.7859234459360964,0.49936716436135464,1
rotated-letter selection,0.4460057324368172,0.42644745035966014,0.8216399468651141,0.2912106826136146,1
rotated-letter selection,0.5391956690322514,0.3719471380660526,0.5309456664164116,0.21598313667644958,1
rotated-letter selection,0.4425184907854509,0.2968351531533784,0.36454714470149346,0.38395750683574525,1
rotated-letter selection,0.2773059288844085,0.18657688464357255,0.7929610592005374,0.15250366353839884,1
rotated-letter selection,0.596520810078506,0.44229916700711547,0.6571481239434167,0.47134401111226243,1
rotated-letter selection,0.40197480243347417,0.3246814808278897,0.6317220240874852,0.4169972226003432,1
rotated-letter selection,0.3540558418493924,0.31371462532186767,0.34328754297469377,0.2703202306446203,1
rotated-letter selection,0.21588753030626576,0.3136468225647956,0.5327742798137728,0.14929419003754646,1
rotated-letter selection,0.23081281337964535,0.4934232838340571,0.82781807624704,0.23371294167502432,1
rotated-letter selection,0.4524598651787479,0.4077800119184303,0.39775798128076617,0.30500540895063966,1
rotated-letter selection,0.3074398240918268,0.12446347159807644,0.7890331768198346,0.28715895736407165,1
rotated-letter selection,0.23973043059947166,0.5909074646594975,0.6532965020075576,0.13955069648939436,1
rotated-letter selection,0.27805531081252355,0.4180164642562344,0.34318276768544415,0.38028402026414965,1
rotated-letter selection,0.5690234311567418,0.4464451128350342,0.8310403676127045,0.37118862924887186,1
rotated-letter selection,0.14592311272674682,0.5521491547361443,0.4021802999728087,0.3947465622360521,1
rotated-letter selection,0.2834938688264933,0.24489430036119622,0.3726532374030127,0.4918784337489769,1
rotated-letter selection,0.16790528025578347,0.278755180738127,0.4354482141160311,0.1670175524040085,1
rotated-letter selection,0.2767900613154747,0.15154259533592437,0.5104428058511663,0.20249891853140203,1
rotated-letter selection,0.5029121862666537,0.2976382186583524,0.44427616977454054,0.14157104256151284,1
rotated-letter selection,0.5014847073431155,0.1347609949507431,0.3387565119660292,0.35351397687466035,1
rotated-letter selection,0.10932819982754752,0.11637113947442326,0.8222060828795368,0.352676857247178,1
rotated-letter selection,0.5217431930968067,0.41393120933454675,0.8594334169903668,0.339531961088133,1
rotated-letter selection,0.4807437657166045,0.2181540058793243,0.5938292828841429,0.259607726893331,1
rotated-letter selection,0.5427055440595636,0.4259329708716566,0.47015942577257674,0.42382658222469805,1
rotated-letter selection,0.12005140243876841,0.415291218852055,0.32151882840543033,0.34003860034538524,1
rotated-letter selection,0.29082973148880353,0.20233330781059636,0.4825655301429619,0.3787467875493423,1
rotated-letter selection,0.22042034168610572,0.39156923773379004,0.3856724889841611,0.49701663361504633,1
rotated-letter selection,0.5099623061516484,0.20286165360476013,0.5114642849749138,0.4653260907166821,1
rotated-letter selection,0.26020464290463974,0.447804983306192,0.47575017776010387,0.29230912203902526,1
rotated-letter selection,0.4172168528097582,0.1982482142509792,0.37861720795149767,0.3489607631828636,1
rotated-letter selection,0.5349720168898747,0.10946481171354241,0.896520778378008,0.11641275158868832,1
rotated-letter selection,0.41043051609607795,0.5470825743361235,0.7025200388372784,0.300608583600425,1
rotated-letter selection,0.49681110629424197,0.3906764862583,0.7175202294012786,0.23662005581121714,1
rotated-letter selection,0.43409240217007006,0.5346611976434745,0.6957958041113117,0.48096434289521917,1
rotated-letter selection,0.54851770175336,0.5085110002661548,0.7997914332623588,0.2959308880139695,1
rotated-letter selection,0.21558451747547833,0.20266431775842683,0.8072844902946739,0.45228215935251004,1
rotated-letter selection,0.5682870192181276,0.204294581712638,0.8003017872259741,0.14269869263048324,1
rotated-letter selection,0.21127831738974198,0.21191220568857702,0.6665249069547048,0.28009554115179813,1
rotated-letter selection,0.20861965700900634,0.5293547407610856,0.4106244794669427,0.35978123537469464,1
rotated-letter selection,0.5407727254418063,0.4295389800109215,0.3358734096862617,0.2631363665956308,1
rotated-letter selection,0.2335351572429535,0.2911445569801486,0.4727537591100964,0.4108928182672006,1
rotated-letter selection,0.3827362100467554,0.3789891117346139,0.8122943699452068,0.3519303115511023,1
rotated-letter selection,0.28179597322726824,0.45802573980931893,0.6835455341097301,0.45050506632262877,1
rotated-letter selection,0.28101613602871434,0.4471314878426661,0.8562238938476041,0.3317596419336609,1
rotated-letter selection,0.4100213706415169,0.3752873805709117,0.558487711767635,0.4836550381918364,1
rotated-letter selection,0.5485474394585241,0.3165511444450616,0.6006182213073465,0.248295082983654,1
rotated-letter selection,0.504323729591696,0.32584349824754266,0.5069355551769235,0.12607110417031842,1
rotated-letter selection,0.4949154130680793,0.27425547253975247,0.8057725044225585,0.10978682155288362,1
rotated-letter selection,0.5858872091009605,0.5828271955438163,0.49948350959951915,0.10036390452599311,1
rotated-letter selection,0.14639844038374186,0.2710414215771556,0.41577072799030407,0.22788496528235624,1
rotated-letter selection,0.25828518719542626,0.2434232331391404,0.7208535597204044,0.38717953148589224,1
rotated-letter selection,0.20704394203034313,0.22890777860602365,0.37225342214796786,0.11575257735423383,1
rotated-letter selection,0.4314897117074905,0.5784493469857186,0.6289018825659405,0.32497901015750996,1
rotated-letter selection,0.27588970002202284,0.24921390590608858,0.44373672117966567,0.23070191210773433,1
rotated-letter selection,0.5590150560651583,0.59584924813695,0.4578593509491381,0.2604090185329677,1
rotated-letter selection,0.5649949152946295,0.41733313332356237,0.7861477123557251,0.3881735383803777,1
rotated-letter selection,0.21811453635854747,0.5245811567586832,0.3297026466267354,0.2805269708116323,1
rotated-letter selection,0.22338089714498557,0.45459802128330273,0.5372338013412598,0.29390698965665973,1
rotated-letter selection,0.26398365194383255,0.1220174663468361,0.8732362842935486,0.3848434916138811,1
rotated-letter selection,0.43919966282215417,0.5942275665529373,0.3358475806371652,0.43662201787050514,1
rotated-letter selection,0.43181391824689086,0.3160568396728327,0.4865429315513212,0.4438308458583503,1
rotated-letter selection,0.5437362466030428,0.5466648535379559,0.4970365313645472,0.2362359002669357,1
rotated-letter selection,0.4517877653654917,0.3911907144026975,0.6042757853271032,0.49101216128385605,1
rotated-letter selection,0.10334811583151801,0.39451974663814915,0.7066537401957078,0.16488883754903122,1
rotated-letter selection,0.36796485722949623,0.43816192969251133,0.5537971878193291,0.4373277021073354,1
rotated-letter selection,0.3239001266898808,0.22047563407914347,0.5196680646075519,0.3901213878456389,1
rotated-letter selection,0.12347392957003137,0.515492331124702,0.6798185137664176,0.20812423587022524,1
rotated-letter selection,0.34036357279997365,0.5298724435116022,0.6434274089789875,0.25367151966258006,1
rotated-letter selection,0.4151584630529398,0.4028150476996053,0.4823807006883836,0.41132829477082256,1
rotated-letter selection,0.27749750615577506,0.4692713997710529,0.32311575829225114,0.1591847767248301,1
rotated-letter selection,0.24874665530522597,0.28325396098736133,0.32822313697625594,0.18839088116443153,1
rotated-letter selection,0.48951272668567236,0.37054203646364847,0.34241022863530257,0.22383970308726064,1
rotated-letter selection,0.3381122983378583,0.3543420245273101,0.49371125941454164,0.3835997225117963,1
rotated-letter selection,0.45832323408132336,0.3600592593967905,0.3371137684225405,0.4128455904370766,1
rotated-letter selection,0.3641723866330979,0.3061423471134558,0.691525027356551,0.16888423090752724,1
rotated-letter selection,0.17429046754773367,0.3255738857654452,0.8034064794467017,0.3888363245731088,1
rotated-letter selection,0.46947931145289024,0.39101937310077384,0.5962707151395855,0.42135187128955687,1
rotated-letter selection,0.5268416886863876,0.30566257907886474,0.5853053633289678,0.14414734283910607,1
rotated-letter selection,0.2978014452762926,0.16456782442928622,0.46679947311993175,0.1480036785613301,1
rotated-letter selection,0.39961240972974066,0.41997298238776626,0.38307261128605835,0.4414477250911458,1
rotated-letter selection,0.20637438127695987,0.15114680512498427,0.7544992751447639,0.18175580728363003,1
rotated-letter selection,0.44169164296242325,0.3868802811254851,0.7153878147157908,0.4970625687646486,1
rotated-letter selection,0.23266383930866366,0.5971939005224957,0.8534254297744266,0.10421275969153997,1
rotated-letter selection,0.29859074594976964,0.37564477665781437,0.5275359080038258,0.17770997503539332,1
rotated-letter selection,0.3399848963715274,0.11649789581609318,0.424272272724378,0.35084771762024214,1
rotated-letter selection,0.19037161429699065,0.4447480420742099,0.5873681127891206,0.3098481079466147,1
rotated-letter selection,0.35836797054064395,0.5682091645018548,0.8264895417727669,0.3571403362174864,1
rotated-letter selection,0.19448909049852178,0.20027471915037584,0.7334161345241215,0.2751118726635427,1
rotated-letter selection,0.41961878883299963,0.5268889800446253,0.3479105251739037,0.38878316585942063,1
rotated-letter selection,0.5105897082420902,0.1686340647167374,0.8607244966836534,0.1733969114169946,1
rotated-letter selection,0.35474471669440777,0.20415647179022597,0.7433841460520403,0.3899302734997484,1
rotated-letter selection,0.21549829134982298,0.5285569932415675,0.30246431230512133,0.2355581412337462,1
rotated-letter selection,0.3073040542295956,0.5798640091283244,0.8986843321739169,0.16728024051869883,1
rotated-letter selection,0.49204914733771254,0.21006977437825555,0.8644812649758642,0.2802550421584345,1
rotated-letter selection,0.5130452686375474,0.13600046745461078,0.32835963644963434,0.4801995123646706,1
rotated-letter selection,0.5762699289088209,0.32842312614912983,0.8207457185137443,0.48226602991170575,1
rotated-letter selection,0.1379311551607608,0.24451498915396921,0.4582417794593876,0.46632740355602,1
rotated-letter selection,0.5327394411335644,0.3522481138196739,0.368975181404966,0.20750660005279206,1
rotated-letter selection,0.2850770146757514,0.5248856097989048,0.8845896990169666,0.4376614775361848,1
rotated-letter selection,0.15999886173932396,0.1107320204278325,0.3208307745455466,0.3714170717938482,1
rotated-letter selection,0.46052327971145757,0.11082153468272635,0.6696327707118909,0.2177730226428698,1
rotated-letter selection,0.17514438480994407,0.16984470688258926,0.6158397191970637,0.3231077057846746,1
rotated-letter selection,0.1829704668761771,0.1792495530705794,0.5199974759534625,0.27656237074150203,1
rotated-letter selection,0.15914683371463692,0.24055414593010702,0.5904506720982301,0.15015862534587923,1
rotated-letter selection,0.12740128805538278,0.3230974558774411,0.6562605888945233,0.27614429053975087,1
rotated-letter selection,0.4561214158568859,0.10496197341478522,0.3888631824557699,0.3972413529776845,1
rotated-letter selection,0.4410191719208022,0.5901252746488441,0.3485524377340935,0.17262346223471864,1
rotated-letter selection,0.14059580021711407,0.3655534239446263,0.5246285648618416,0.2697121885377597,1
rotated-letter selection,0.43825330575002386,0.5949472735717277,0.6543384740027706,0.41039683625245316,1
rotated-letter selection,0.5663514923782913,0.54377375652316,0.7372189098289732,0.11249879894850473,1
rotated-letter selection,0.19671922863458238,0.5960360337420806,0.54510741741341,0.18020790286113333,1
rotated-letter selection,0.34025383229070494,0.3404221628995193,0.8993697542320804,0.1153063323777416,1
rotated-letter selection,0.30943808790689464,0.548578717623492,0.5816123674441661,0.2588189148485879,1
rotated-letter selection,0.2886695506065957,0.1348771794130232,0.8099452429192824,0.47772958754087524,1
inverted-letter selection,0.5790487629459514,0.4198071049604122,0.6843313711857659,0.26297926004959593,1
inverted-letter selection,0.5009413602744415,0.5413202635236785,0.35652967018142684,0.11650543626612793,1
inverted-letter selection,0.3151202681346079,0.5786149396029585,0.4788093457980238,0.349303932674572,1
inverted-letter selection,0.4910732421583288,0.37256568330371564,0.7529014851653951,0.1675648998961065,1
inverted-letter selection,0.17504890776024443,0.581493967589055,0.3564412103112853,0.2928640763812929,1
inverted-letter selection,0.17012550903821103,0.35681667331453426,0.4544807358414435,0.13327011874162564,1
inverted-letter selection,0.4868454710133693,0.49485784409588307,0.6206387804832949,0.40847710394251324,1
inverted-letter selection,0.21883222043949171,0.1337475131554732,0.8188068576542245,0.45437516588461024,1
inverted-letter selection,0.16060890162488464,0.16934431096988897,0.5793565489341217,0.4524684706010783,1
inverted-letter selection,0.2096911075482419,0.529978787767617,0.6530774741243925,0.22222659730988098,1
inverted-letter selection,0.20986576428558598,0.4542795518954451,0.819661839358081,0.14598149411611883,1
inverted-letter selection,0.12331200688947211,0.28987176447890817,0.5127468118201344,0.22402977038755575,1
inverted-letter selection,0.531403931903649,0.13102793261895432,0.780514378664557,0.11981697089412023,1
inverted-letter selection,0.11975696517795045,0.21267786578254363,0.6345276866652007,0.1541428614280952,1
inverted-letter selection,0.1539587909277855,0.2409098026565483,0.5602432883032598,0.36204463425772804,1
inverted-letter selection,0.24922448833939057,0.33239767652862207,0.7814733454389982,0.33972188517464535,1
inverted-letter selection,0.4064628333172291,0.5863441710150944,0.567467311212143,0.3196051700998861,1
inverted-letter selection,0.16223430332021008,0.5035786240251369,0.8650053114223055,0.4174386116367783,1
inverted-letter selection,0.38326373341928377,0.4339519052280356,0.5749272524023006,0.17207838067331843,1
inverted-letter selection,0.32332342935304237,0.30507503838649874,0.7757497774304496,0.2985597205774534,1
inverted-letter selection,0.2960428843583459,0.17687423631211266,0.5397408819545201,0.361727489852148,1
inverted-letter selection,0.29179452707484566,0.2117922938135666,0.5839207399676762,0.4996997579138952,1
inverted-letter selection,0.46391233577281066,0.4187695612868225,0.3745170981959163,0.3361756990412551,1
inverted-letter selection,0.17020084119910509,0.21103856545659858,0.7294148190643523,0.32567768602073677,1
inverted-letter selection,0.21129650634689742,0.43942042864141817,0.5075357012020508,0.13327489267119935,1
inverted-letter selection,0.1786898210614302,0.45399724596174773,0.6723956151940312,0.25191868703657416,1
inverted-letter selection,0.25269941691152853,0.19695804256003177,0.6699100108800109,0.38260373962910144,1
inverted-letter selection,0.30094518800997383,0.4966703934959025,0.8930166533204438,0.17119052994177952,1
inverted-letter selection,0.17609664052660526,0.24622260752454436,0.5893095971034759,0.1144461289048127,1
inverted-letter selection,0.5163078964796722,0.14861684158502023,0.3928640270809457,0.23049722698672823,1
inverted-letter selection,0.1598188019376174,0.25328135760541637,0.5293163309537915,0.4776984766270852,1
inverted-letter selection,0.1447485491012024,0.19636901397727255,0.41046961648582175,0.20388779824873665,1
inverted-letter selection,0.4975877309072364,0.4840393278341938,0.8733145020516244,0.47746790048682364,1
inverted-letter selection,0.4102102730535324,0.2491498701096613,0.5699069520273967,0.4727263126792144,1
inverted-letter selection,0.5829077384553109,0.3035074711655318,0.7071326910727942,0.2613272943223255,1
inverted-letter selection,0.48559189800102254,0.37479718153041797,0.6505056847145176,0.3238336180887609,1
inverted-letter selection,0.1962387038269757,0.23006864396670282,0.7354446765494698,0.23437772058775558,1
inverted-letter selection,0.3952999950406333,0.3620557715807692,0.3467030999158466,0.10846146614207326,1
inverted-letter selection,0.13231855776836757,0.5531728991889044,0.7353995019921,0.3788854405611529,1
inverted-letter selection,0.541807789833793,0.3358893304227808,0.8215323919834279,0.24033045645829676,1
inverted-letter selection,0.5559538462087315,0.2590851775184356,0.6370597573428709,0.3216298649795164,1
inverted-letter selection,0.17437922574879108,0.36148283339794596,0.7010675898180738,0.19325139561082794,1
inverted-letter selection,0.39021318597564614,0.48126304579804036,0.6980822487829139,0.4451298123409714,1
inverted-letter selection,0.4022823997768654,0.1302174431175737,0.6644265181187281,0.28945939447681096,1
inverted-letter selection,0.3539717145470138,0.5622981147130772,0.582853367705199,0.23249616225054479,1
inverted-letter selection,0.5143370739786371,0.1882849672853781,0.7592554547167646,0.3695920969816767,1
inverted-letter selection,0.333809042991845,0.45314373850104694,0.34277527440221334,0.41008098374398394,1
inverted-letter selection,0.19478813982462675,0.21992383199088802,0.7046643691642251,0.3871382078467742,1
inverted-letter selection,0.477024551682546,0.26881820485912034,0.8786783561284672,0.20557563275129132,1
inverted-letter selection,0.2972157410462213,0.22116301664692609,0.47337034585155896,0.28536660408175707,1
inverted-letter selection,0.37761074898759805,0.5889780902874121,0.8511962818441308,0.313242108545224,1
inverted-letter selection,0.10734249287879619,0.37266230669813216,0.7192610815682627,0.33957354771849113,1
inverted-letter selection,0.26728328396645473,0.5936236700125239,0.8963708983513865,0.35174711130712344,1
inverted-letter selection,0.3137343642625673,0.3904510352395568,0.5266620084238669,0.32455415516878905,1
inverted-letter selection,0.10211343761721267,0.4900697289769347,0.6531439855408157,0.43733795653677987,1
inverted-letter selection,0.3869024108606406,0.2703717501980353,0.5375069362126801,0.37072450590098105,1
inverted-letter selection,0.5649080459103676,0.24827462353155336,0.48747602914691135,0.11062563337180809,1
inverted-letter selection,0.40818268073410535,0.3008854995789324,0.8685430562102794,0.23614687232629025,1
inverted-letter selection,0.34025342631140587,0.34069943174532913,0.6255827278463721,0.3945411888805054,1
inverted-letter selection,0.13520319871256278,0.5489990943894977,0.6398818935520134,0.3641795052627105,1
inverted-letter selection,0.11743741872118116,0.5884966182354497,0.6400001259195139,0.25691552461093414,1
inverted-letter selection,0.47765382827172387,0.11503579182324128,0.3246152321441678,0.24782944275772217,1
inverted-letter selection,0.34220362874126364,0.5886059940554087,0.46146180609675264,0.297470658598777,1
inverted-letter selection,0.10953701754276998,0.5731249751302762,0.7109503677998439,0.4001292628454244,1
inverted-letter selection,0.2206871816204449,0.5055375462772163,0.6749179990062087,0.19078476669967062,1
inverted-letter selection,0.3383654594794512,0.22712411033354254,0.6896361419140693,0.3152878556214287,1
inverted-letter selection,0.4011737857611658,0.47612198707966213,0.47853602358907155,0.3902240867084037,1
inverted-letter selection,0.16572393823541756,0.39573929417501574,0.8383474119886662,0.4825404493135844,1
inverted-letter selection,0.10091676793133239,0.5553768752911259,0.41226373137025546,0.2464514054864353,1
inverted-letter selection,0.3841015307259118,0.24524268329286628,0.8131167057049047,0.2882383594960113,1
inverted-letter selection,0.5075236465767765,0.4839023899944416,0.39891368073296657,0.14677773296079014,1
inverted-letter selection,0.219278074999278,0.4499664319111927,0.4054153976302135,0.4851356150161813,1
inverted-letter selection,0.43667895509584287,0.12080603123829495,0.33715610887174,0.4080266802028878,1
inverted-letter selection,0.4528104049435445,0.4134736504267498,0.6733378474785655,0.28710624184020905,1
inverted-letter selection,0.45106691962668743,0.3670543482011668,0.5476890017474197,0.40027953589235576,1
inverted-letter selection,0.3720924059441473,0.5248686363970412,0.4497298667875803,0.23164375646165702,1
inverted-letter selection,0.41844681544550266,0.36872411029429475,0.824421820937657,0.3976200405176239,1
inverted-letter selection,0.15135585751419758,0.455758346453081,0.8742393269418856,0.1625054233232075,1
inverted-letter selection,0.3188523546519044,0.5398268380774864,0.7380721458189847,0.27509776139265296,1
inverted-letter selection,0.4716083430090391,0.2742267764885209,0.6119395932357745,0.41607474520101395,1
inverted-letter selection,0.20886957011880938,0.5875118796808388,0.5996254752192066,0.11556109684138449,1
inverted-letter selection,0.3817530573069552,0.3662606994140568,0.6710832489726379,0.4290877675610206,1
inverted-letter selection,0.4017771095214576,0.10113946113988839,0.37859957742410744,0.2669234891406834,1
inverted-letter selection,0.5035734189424477,0.449913377275157,0.7664535327443246,0.12208893679266342,1
inverted-letter selection,0.4162011641135869,0.36123437330821684,0.37243449181418636,0.4344394547032754,1
inverted-letter selection,0.5029834229742516,0.39660975697345946,0.6836604514292477,0.33067991551002474,1
inverted-letter selection,0.3296182160191018,0.5182366501545512,0.6337705255818087,0.33285901942907803,1
inverted-letter selection,0.2808287173906969,0.20855372075568193,0.7077421940742756,0.4442003038620571,1
inverted-letter selection,0.2588848183443021,0.5432034106989865,0.6803430060898468,0.4597620093227034,1
inverted-letter selection,0.10889959872835805,0.5034725711521661,0.3066988136494735,0.14165405563744915,1
inverted-letter selection,0.10137369809104732,0.36322188375369635,0.33975572231952406,0.29021683677317195,1
inverted-letter selection,0.5663578617715204,0.1872112012413055,0.7818505698498365,0.30074943510706953,1
inverted-letter selection,0.4723521166589113,0.12337068617909921,0.5234537953287625,0.3360102232107681,1
inverted-letter selection,0.39282795839667684,0.3340896053168957,0.895124086870644,0.11963451379267905,1
inverted-letter selection,0.2865872637211476,0.4621373308914076,0.8226525345949831,0.3342718676899902,1
inverted-letter selection,0.39155135842538236,0.20161112949169227,0.4413817478006412,0.36822766592569534,1
inverted-letter selection,0.17492640859706546,0.2974485423055264,0.46663575362238796,0.38598430056378064,1
inverted-letter selection,0.36954571923048074,0.4997925799838988,0.6465153983747778,0.10456121384767517,1
inverted-letter selection,0.2582721539621742,0.4996792310436713,0.7703988708978913,0.3186445739399243,1
inverted-letter selection,0.26746295150559274,0.43622612123421667,0.8379477454294264,0.32462974865326105,1
inverted-letter selection,0.22791518375570294,0.5961146890115832,0.37768620804211417,0.43057119649021525,1
inverted-letter selection,0.5235241583008091,0.522211980587014,0.6026198065147301,0.3086391265542746,1
inverted-letter selection,0.28462669613062275,0.4275539572695114,0.7809136644232326,0.41022709735052965,1
inverted-letter selection,0.3645987360267512,0.24497445082064404,0.4742047458256087,0.3343540726012806,1
inverted-letter selection,0.46541645090627715,0.4745641743227236,0.6452837045967168,0.29422467324465507,1
inverted-letter selection,0.20161095537354548,0.37356257425061845,0.36581456525451594,0.16313933959981425,1
inverted-letter selection,0.5573131973680123,0.5358769609047201,0.5425872839867923,0.23742218533570095,1
inverted-letter selection,0.5278169425942204,0.32501211869407354,0.8233082979610817,0.3992089010503882,1
inverted-letter selection,0.5415247395601033,0.13102347566595826,0.829756552558903,0.3736688732909046,1
inverted-letter selection,0.5964163515087634,0.5227582467351984,0.8739330871780497,0.21676038018511434,1
inverted-letter selection,0.20702650796973524,0.5483383928280227,0.38446264433742383,0.22905024835500531,1
inverted-letter selection,0.34757124274605655,0.16713085259393937,0.39443687819715817,0.36698847973859083,1
inverted-letter selection,0.1363751567135907,0.2556308613851287,0.3218353270400066,0.4722612880811169,1
inverted-letter selection,0.34276801330954254,0.46549662404937053,0.3689408478033176,0.14241371144445858,1
inverted-letter selection,0.581718065745508,0.2841943125299383,0.3508307170454984,0.14855186782408736,1
inverted-letter selection,0.4938503794928937,0.39258023213399384,0.5665228181259581,0.43356954983949014,1
inverted-letter selection,0.10638687298142971,0.24507419944016876,0.8615354880566688,0.371413373475855,1
inverted-letter selection,0.46313876749884164,0.2667270252052969,0.6160655124688394,0.17650564986165806,1
inverted-letter selection,0.3788096044578608,0.4144715251936525,0.3968707007270404,0.4767813090317602,1
inverted-letter selection,0.5879463940846036,0.341330535461039,0.42465728850762086,0.30895928020487406,1
inverted-letter selection,0.13382930792301503,0.4819782268954327,0.5845834541298904,0.2764369935754699,1
inverted-letter selection,0.1611186276538751,0.4004014441207795,0.40593867510744214,0.25960749450360054,1
inverted-letter selection,0.548654848829418,0.3968725300385376,0.3478928801242058,0.23819565740711252,1
inverted-letter selection,0.2358207254343115,0.47801701677688124,0.5258658234784055,0.411316016018178,1
inverted-letter selection,0.389599056096666,0.4275639137574171,0.4390492625690773,0.3400938268172058,1
inverted-letter selection,0.5849758283600335,0.526971210172942,0.8733632266673177,0.20606479112130383,1
inverted-letter selection,0.3044922561197263,0.36216627076653907,0.6544207833810691,0.2971627975095503,1
inverted-letter selection,0.1736914327880311,0.3747104349752378,0.5973659842344154,0.16121745819636968,1
inverted-letter selection,0.28923264122822334,0.12652929505416963,0.8453053988942214,0.41325856994517884,1
inverted-letter selection,0.39841616098984567,0.420958605471079,0.3162426729643044,0.1402250714674613,1
inverted-letter selection,0.15356701048284746,0.34782132016888745,0.3162733650043479,0.19508140414991548,1
inverted-letter selection,0.2760948652425057,0.5962610292207619,0.6287865105351227,0.12882986105214322,1
inverted-letter selection,0.1808594470414275,0.38424609751870753,0.44518009502374345,0.41817932081166753,1
inverted-letter selection,0.11770395656828134,0.43870596219877256,0.425164324946583,0.2725074921312869,1
inverted-letter selection,0.11101383685277352,0.26363708007479125,0.40269037509625993,0.43205787456866307,1
inverted-letter selection,0.21936938107145157,0.35975524535504966,0.7300351996571603,0.1861608399188112,1
inverted-letter selection,0.12022685600639213,0.11389271242739998,0.7098844022261469,0.345958510476842,1
inverted-letter selection,0.51633178731636,0.19501406949634112,0.3180838646357753,0.11555811750700098,1
inverted-letter selection,0.41623353076013847,0.19070771684709506,0.47887180681240293,0.2216400721186322,1
inverted-letter selection,0.5935631861167269,0.13049023595499096,0.31955904306791694,0.42974693646875184,1
inverted-letter selection,0.3283040643771912,0.4107082720721926,0.31245625185346454,0.19873875567487384,1
inverted-letter selection,0.395598337698855,0.5639341398505159,0.5576414183080298,0.13212314088062113,1
inverted-letter selection,0.4358775761027568,0.33084311286928525,0.42439071424525,0.24111653427198645,1
inverted-letter selection,0.24122092630872446,0.4857544980232412,0.41243604411885115,0.19735589969902767,1
inverted-letter selection,0.47168627438654176,0.4308810192195741,0.531962256665847,0.36258844544316393,1
inverted-letter selection,0.14398592953933279,0.13984257448216844,0.586920902406131,0.4440806390719112,1
inverted-letter selection,0.3083225865156356,0.1946006650496971,0.5379877723822406,0.4118299553115946,1
inverted-letter selection,0.17817886736705793,0.5451902805612581,0.6736429735455378,0.21185112289455624,1
inverted-letter selection,0.2675359710570713,0.5233220785910042,0.412478345566237,0.21194436938032613,1
inverted-letter selection,0.5225312361817793,0.4104116675695154,0.3445794699146762,0.25705505812492613,1
inverted-letter selection,0.5612343903244041,0.30933414559109285,0.6190269090825138,0.15783524876026714,1
inverted-letter selection,0.3429684787380727,0.34957219486391133,0.8229627536596891,0.36271064263617303,1
inverted-letter selection,0.44463404492713243,0.27679460564430136,0.44743751835055445,0.1092551635188924,1
inverted-letter selection,0.46587838297950823,0.4540482967756282,0.8336640701369076,0.32967472349446614,1
inverted-letter selection,0.3823752646548567,0.17051201564422183,0.7905603216028962,0.4803249071565693,1
inverted-letter selection,0.2593586871307041,0.5070977172629562,0.775080222652891,0.26713412951170357,1
inverted-letter selection,0.38574086457064394,0.2137852040579383,0.33747729071860516,0.4642815132491678,1
inverted-letter selection,0.5375095491316555,0.49469862493706795,0.5622936641452122,0.3589610065783514,1
inverted-letter selection,0.19053681115210117,0.22905492817371018,0.3427748605251856,0.3862319907267593,1
inverted-letter selection,0.2259420872607613,0.3527499458926633,0.356847940089325,0.24138936152341756,1
inverted-letter selection,0.3068509013459628,0.4589766273817877,0.5931821007513586,0.44279692378760704,1
arithmetic-selection,0.19063337816395168,0.36421019087211826,0.4442226064252521,0.2999499610814056,1
arithmetic-selection,0.30229110947295246,0.13825165846935847,0.3266261223507403,0.18576112370143816,1
arithmetic-selection,0.5475534128528661,0.5968124276579311,0.31676052984836883,0.31214615058287265,1
arithmetic-selection,0.4104613856289643,0.5007350787714375,0.5974175934958661,0.15409295015060565,1
arithmetic-selection,0.2890123039011395,0.19011461930371085,0.8160088754034305,0.44998896102618746,1
arithmetic-selection,0.3833785052541603,0.11971604768243874,0.7006887294669394,0.13152548458006855,1
arithmetic-selection,0.35738012431476596,0.2933164003763358,0.30171931715381567,0.24055485088240527,1
arithmetic-selection,0.1771430139983892,0.5166755468618355,0.8226877050673289,0.15202431535930586,1
arithmetic-selection,0.4817267741569954,0.5109419717786066,0.70502102745607,0.47043626186847043,1
arithmetic-selection,0.45276733587590967,0.5110308879445495,0.7239459197935832,0.1892319086026599,1
arithmetic-selection,0.384304109772435,0.28783633890312943,0.37954905635062963,0.3913877840095872,1
arithmetic-selection,0.5901514916219546,0.4199624141498882,0.4917587984140609,0.48552422816910756,1
arithmetic-selection,0.4917516388885994,0.4782696185432711,0.8837691906341045,0.17369377326680824,1
arithmetic-selection,0.548357397740428,0.37548872870859307,0.7065855629547043,0.3294284794979806,1
arithmetic-selection,0.4452485312319927,0.1432444822978717,0.887635206250488,0.13373499194739746,1
arithmetic-selection,0.5988780195136102,0.5213942325322252,0.6920837924215868,0.2995447151094972,1
arithmetic-selection,0.1480562635970192,0.21629988347178766,0.8905408287086227,0.28969054035079644,1
arithmetic-selection,0.19046155662185113,0.543361806470924,0.37752768258029756,0.337188739760225,1
arithmetic-selection,0.3952286509418824,0.27578527962637367,0.3819848721844653,0.3498193928423854,1
arithmetic-selection,0.5427939171464646,0.4485570229932888,0.3354766015697433,0.142285376685741,1
arithmetic-selection,0.2128838793435653,0.25191460208959504,0.7960134543843709,0.28242747112088895,1
arithmetic-selection,0.13813490797266495,0.5506914193160908,0.44581363431561166,0.45759223763794055,1
arithmetic-selection,0.3009080348146691,0.2953362167257476,0.8567061164605674,0.14330984788158774,1
arithmetic-selection,0.17120161077715504,0.19242879708600094,0.3281532649656516,0.140637333512575,1
arithmetic-selection,0.5056047562303878,0.24198535906376636,0.7684388480451381,0.2901802639208864,1
arithmetic-selection,0.15417703218497406,0.11973123287660556,0.6480600893490676,0.3148496637273591,1
arithmetic-selection,0.4279472496496951,0.1704650356228358,0.37899630213444885,0.4770624960954707,1
arithmetic-selection,0.24833801504967476,0.20972165275721286,0.6899673529260315,0.14599021085299835,1
arithmetic-selection,0.33405272864546476,0.38614610917630177,0.6228668429211573,0.3009427972573533,1
arithmetic-selection,0.3828022560867951,0.5354427326800397,0.686965532673208,0.38522191855316845,1
arithmetic-selection,0.33775835952750355,0.467876974255957,0.3801861701641455,0.35165533714447794,1
arithmetic-selection,0.513601948395168,0.24150500447462772,0.7972577235297764,0.4718726994313984,1
arithmetic-selection,0.5419218419241835,0.30560261587710946,0.8875626771712819,0.2837815681533682,1
arithmetic-selection,0.48222384417635855,0.19515931103869152,0.4644347044081234,0.22115938135771385,1
arithmetic-selection,0.1999696363497833,0.47961393165899424,0.5498622840737968,0.4211601660443558,1
arithmetic-selection,0.10471904756331932,0.10328123362419703,0.6268947760260548,0.4402371951416677,1
arithmetic-selection,0.239397974483169,0.1838005152931513,0.6029467498864889,0.2550602906153334,1
arithmetic-selection,0.118397104734253,0.5386523494946454,0.5636547106448164,0.10187769735650508,1
arithmetic-selection,0.4630836392413563,0.19302753252335816,0.6816110957301593,0.21462429630255064,1
arithmetic-selection,0.17737723599887747,0.3728255377220585,0.3759301675970396,0.49610523617165203,1
arithmetic-selection,0.1197695327233764,0.3093918545243882,0.5810834279439974,0.36495095213250184,1
arithmetic-selection,0.37331789668940285,0.2291940478928811,0.8899535394790714,0.25946572215367536,1
arithmetic-selection,0.47525939599098843,0.4847696950966598,0.5356227052423079,0.3682897289040894,1
arithmetic-selection,0.3847957147950881,0.19869109569561935,0.3308906791514002,0.1549871700734633,1
arithmetic-selection,0.2653262404942013,0.24930171665850362,0.8051472601143719,0.22100932764469536,1
arithmetic-selection,0.262303093446832,0.27696008259665084,0.7391153515990727,0.4430991930468642,1
arithmetic-selection,0.38670622345509753,0.5864238027136638,0.4964364934781774,0.3053087831732411,1
arithmetic-selection,0.3564859798647937,0.3292723672947456,0.4807496278712158,0.22688568471884546,1
arithmetic-selection,0.15560482663675854,0.40087586431409306,0.803316367730381,0.3789239759781251,1
arithmetic-selection,0.2581396266140146,0.5111894922590049,0.6099702080671362,0.3505455597994631,1
arithmetic-selection,0.513544203265049,0.48175418728678543,0.30088431110411445,0.1374634191140018,1
arithmetic-selection,0.24205553458385923,0.20891758913052658,0.6252515944209059,0.28512034662837427,1
arithmetic-selection,0.5287042539721926,0.4262142176291953,0.5587220046194659,0.20207566780337008,1
arithmetic-selection,0.23197301112978344,0.3735557935276529,0.49967291197469577,0.42320132063146876,1
arithmetic-selection,0.22301331281289846,0.5420216246090283,0.3145326365457953,0.20903428802887644,1
arithmetic-selection,0.2474201343119318,0.11808051488287594,0.6184473206718566,0.46729765591945704,1
arithmetic-selection,0.42650198364733527,0.5672852545633265,0.482915373519475,0.11626448803870743,1
arithmetic-selection,0.1861420694617519,0.10818848816495027,0.8850712008551596,0.23516909236307748,1
arithmetic-selection,0.21932137622534106,0.3028267320736232,0.6673896560715711,0.23102996154447047,1
arithmetic-selection,0.49583971721878217,0.5367258050356727,0.6960031011166471,0.19565803114600772,1
arithmetic-selection,0.3643534718714243,0.3031818407515009,0.6583380749064455,0.1373217541807065,1
arithmetic-selection,0.20159641621886518,0.4266060441585272,0.34403320242143737,0.25465859360910525,1
arithmetic-selection,0.26466926461117857,0.5833551000712441,0.5408416138768701,0.1001472548780908,1
arithmetic-selection,0.545280949962426,0.13511434247285817,0.8038477697090554,0.4073179481612039,1
arithmetic-selection,0.5534472217247284,0.17493955012917475,0.5564180840098865,0.4412514906639373,1
arithmetic-selection,0.25177523028194704,0.40521559507738436,0.7290690419113273,0.34580770228468594,1
arithmetic-selection,0.31606656623789964,0.3193054978757581,0.7490009265674626,0.2344658493237732,1
arithmetic-selection,0.5722466861056716,0.4775599236386333,0.5581717398876389,0.21265087733637086,1
arithmetic-selection,0.13010581139210395,0.41378552489339326,0.49547987533762444,0.31997150882825387,1
arithmetic-selection,0.36728689536132575,0.2041558871657251,0.34176863659942625,0.2984566583740148,1
arithmetic-selection,0.5980225426304768,0.3056833847213931,0.5863265766571841,0.2447086919724209,1
arithmetic-selection,0.3600307059682677,0.5259282565510087,0.69621330938812,0.4537669414869082,1
arithmetic-selection,0.5663771953947605,0.540051674155235,0.30002351707816927,0.29333864081732697,1
arithmetic-selection,0.45212727496520677,0.4053426327356374,0.4378202616647131,0.27484501916462795,1
arithmetic-selection,0.1357199612434161,0.3183972043726324,0.8407239226991448,0.29322262654580045,1
arithmetic-selection,0.4692944114942905,0.26924644747637205,0.4670737499416353,0.1521289568751751,1
arithmetic-selection,0.25651253974118093,0.17085314801689375,0.6554842047794371,0.2384808714380684,1
arithmetic-selection,0.2949635090372901,0.5922895900157114,0.803766055841943,0.29773837366884665,1
arithmetic-selection,0.13036078116330493,0.1221939908345678,0.8556490307719975,0.4441493650601275,1
arithmetic-selection,0.5237721893806073,0.28672812859828367,0.7714271439319742,0.18608453577751743,1
arithmetic-selection,0.189936066641977,0.34797074072824885,0.7270440248496993,0.35413592441500785,1
arithmetic-selection,0.5688767364443914,0.45346793543434294,0.481148524254225,0.17436639428813827,1
arithmetic-selection,0.4971327672072585,0.28726370441700855,0.8135234322525158,0.11877500852233368,1
arithmetic-selection,0.20240637595881675,0.13674571190967624,0.47790205243268974,0.4972653588244227,1
arithmetic-selection,0.4211026258142079,0.2772413317846275,0.37899162403742026,0.39880233139056365,1
arithmetic-selection,0.19168171457162883,0.5997150605172311,0.5875135571203157,0.4750269568411525,1
arithmetic-selection,0.32713685461232433,0.1652516439554588,0.43225350490813297,0.44646951554303727,1
arithmetic-selection,0.5042104780692065,0.32192084888738726,0.6076843849623323,0.39108941803965036,1
arithmetic-selection,0.5067067093758829,0.4322657866734616,0.4979393286425027,0.4606074206894125,1
arithmetic-selection,0.17692306067027738,0.10765807038282102,0.8292801917723367,0.4181429318363795,1
arithmetic-selection,0.13967613343922922,0.3320416740751274,0.4538172054240852,0.4961481837573555,1
arithmetic-selection,0.4871318746076002,0.30017837478641685,0.3761441696449167,0.12297783119267516,1
arithmetic-selection,0.4950335661184285,0.15867681940078496,0.7831827333660079,0.12659560436034775,1
arithmetic-selection,0.3475354045906409,0.5620166461060329,0.5378108886071977,0.14424083976212432,1
arithmetic-selection,0.562408932755299,0.5558112898829408,0.48966813879312543,0.30545869375915774,1
arithmetic-selection,0.4120630772036378,0.24973065241939799,0.4425842015353849,0.3896505470323042,1
arithmetic-selection,0.22486853008662241,0.3259031258778219,0.637967487610088,0.42810448909237875,1
arithmetic-selection,0.4556956425780414,0.13367053197709802,0.5527429796258354,0.43640704672217,1
arithmetic-selection,0.4178270681278601,0.12965608537440412,0.7477498281454686,0.2323349299757927,1
arithmetic-selection,0.3560605990611321,0.3543641820318798,0.8584332937962282,0.2469337284146076,1
arithmetic-selection,0.5049235692077274,0.18691724429925158,0.35787396694681467,0.2570839571318092,1
arithmetic-selection,0.34696251411553003,0.4106241799105247,0.36057455323709636,0.2999749493927935,1
arithmetic-selection,0.28391626177166496,0.1139143294209217,0.7493443558229738,0.31501511481626465,1
arithmetic-selection,0.5014878751444422,0.13597300560845157,0.6261530094869898,0.4623634225580354,1
arithmetic-selection,0.4981071894728948,0.47845216180913985,0.8140905695590703,0.4244590666664715,1
arithmetic-selection,0.18030847391669466,0.5271130347855638,0.5308429693098674,0.3227292594361161,1
arithmetic-selection,0.24400097019258984,0.4451272183452798,0.6244581603707758,0.47334435813534037,1
arithmetic-selection,0.26700276164797687,0.2146872486858538,0.6562252516992391,0.4550544762589245,1
arithmetic-selection,0.5835110888357959,0.5933959038950607,0.3018477541026306,0.36482370827604194,1
arithmetic-selection,0.32794555401935455,0.4661580157425277,0.8890596505355071,0.3420832037069815,1
arithmetic-selection,0.3302827940494839,0.1273927777360689,0.48665513250405223,0.14110921629705753,1
arithmetic-selection,0.17299543377759988,0.13260847219432856,0.4888260066447173,0.4557291737213266,1
arithmetic-selection,0.49340400223141634,0.3232728526872072,0.6242660378817713,0.33680215710680517,1
arithmetic-selection,0.45577169919706095,0.4609672191321327,0.7316136569356078,0.28881118001343786,1
arithmetic-selection,0.30424525563835647,0.1183799596244288,0.5280777117117383,0.12738530406546578,1
arithmetic-selection,0.5418179051098104,0.39382628412755094,0.36679603794729526,0.4160047579168731,1
arithmetic-selection,0.5188494627399498,0.21476476951472742,0.5323105596005773,0.41559334390483127,1
arithmetic-selection,0.5735068088550481,0.29559999076495325,0.49868486627392883,0.17456913319689893,1
arithmetic-selection,0.37465197045734877,0.590486259181364,0.681839506355064,0.27471449541757653,1
arithmetic-selection,0.3279447759163441,0.17280572393622287,0.8646838359456415,0.22328819958373072,1
arithmetic-selection,0.23360274906424724,0.5776385482199702,0.6756961863776172,0.21056650457786344,1
arithmetic-selection,0.10489760899932235,0.33663373538549735,0.8418691678559995,0.18079861216291981,1
arithmetic-selection,0.40099684063903207,0.40977354724534965,0.548050837879726,0.3279599807381721,1
arithmetic-selection,0.21668749203804036,0.4993214737109989,0.8268467801421686,0.48563220653235073,1
color discrimination,0.9607469760143972,0.6023894046007464,0.0676544751358809,0.9233656908813321,0
color discrimination,0.646987579917516,0.990369755724134,0.367378951331599,0.6412879791392248,0
color discrimination,0.6182497639282303,0.9919833173791048,0.1861822649159529,0.7455057945594883,0
color discrimination,0.9529423451595496,0.5757551261926088,0.3854050172483002,0.5262358933212218,0
color discrimination,0.7487348175453932,0.7478659524276798,0.18181433648584644,0.9134927313293197,0
color discrimination,0.6343053053984022,0.8765512486734126,0.14250691529879458,0.8604943617920091,0
color discrimination,0.906762618997395,0.7515297768893925,0.33116116824843334,0.8490307758581437,0
color discrimination,0.5633013608268171,0.7770267909002515,0.3260036038402631,0.511122221474112,0
color discrimination,0.6704865352358165,0.5767688852620849,0.09418339364610062,0.7079835827201317,0
color discrimination,0.9409102885688956,0.7681613331580052,0.13906476574083837,0.9033359062778842,0
color discrimination,0.8894171190106126,0.9341595978145438,0.2862534628747903,0.80205059382915,0
color discrimination,0.5560919777759055,0.520788882521024,0.06201375887002396,0.6755942310027562,0
color discrimination,0.9316896777792274,0.9367273248543486,0.10122743690309353,0.6322510322831233,0
color discrimination,0.5910169304165948,0.941771723593134,0.26151791512709116,0.5735623497784155,0
color discrimination,0.6169477758315145,0.8604420186494397,0.25017113486577125,0.7099793233874292,0
color discrimination,0.6910995068533852,0.7540649906315828,0.2143094947932776,0.667493522058155,0
color discrimination,0.5080021798817249,0.9831082125237887,0.050191005981724,0.5047251261141472,0
color discrimination,0.9677441914071903,0.8994620722380974,0.33312015195060174,0.9205980843026593,0
color discrimination,0.6338963078601209,0.8757451547239741,0.21977884093451805,0.5421789771642639,0
color discrimination,0.8112547202861091,0.9185743856617433,0.3735880839974855,0.8115098492491242,0
color discrimination,0.7851717112211869,0.6442468413240386,0.29120606526256637,0.5548537317291513,0
color discrimination,0.5705426361271044,0.6188137926389055,0.2476263577365564,0.6483771721223762,0
color discrimination,0.6267973425129361,0.531150416400413,0.3699934022570211,0.9325498300053838,0
color discrimination,0.9296744764904178,0.5656019561289223,0.31383426200684983,0.71310836677465,0
color discrimination,0.9473660331535524,0.6503984444765292,0.08557929884712177,0.9772315006127417,0
color discrimination,0.595750785392361,0.7158682658223243,0.10016415822735372,0.9725290207807913,0
color discrimination,0.5333831410058,0.9809948019639043,0.34714268121610986,0.8073633071976353,0
color discrimination,0.7948823088391267,0.9310788335367166,0.0799505399828861,0.6102557360211607,0
color discrimination,0.5962120305988654,0.8120588872888321,0.3735112762935811,0.9039116072756761,0
color discrimination,0.6897795119757661,0.5307332443307562,0.2899625492933128,0.5879800372153172,0
color discrimination,0.9131072120815515,0.7877449163102104,0.09917721038580932,0.696298816716894,0
color discrimination,0.9188865693527805,0.8394277143053113,0.1520490504592075,0.727469734534054,0
color discrimination,0.6848215632611556,0.946583035033868,0.06659625394510042,0.7546070566341928,0
color discrimination,0.9427604222266563,0.676116698587319,0.20563993573712547,0.657309310668218,0
color discrimination,0.7867083168374529,0.8826637277501523,0.060652817343869486,0.7757979068990304,0
color discrimination,0.8186327017612456,0.9739984551362326,0.17752906072685148,0.6582971118181181,0
color discrimination,0.5633698930220632,0.6644016460725549,0.13588137743236955,0.5207019518007767,0
color discrimination,0.7034307263374021,0.8003940199594335,0.2102050033589205,0.5768380808221849,0
color discrimination,0.5638847628918868,0.7081751941227862,0.059498457060060406,0.5928972592008128,0
color discrimination,0.6033534667444724,0.9233671765594965,0.21434048082543505,0.9582723764560204,0
color discrimination,0.9400094388054768,0.7002955882489599,0.267257842919037,0.5861986649089337,0
color discrimination,0.5012433406059561,0.5566984976314039,0.35560670473655176,0.9408837335805835,0
color discrimination,0.6948908352027676,0.8854341187293031,0.2693721206788229,0.6117341782409069,0
color discrimination,0.6122137804962788,0.6658319293509822,0.27870314257756995,0.9293974080913082,0
color discrimination,0.5260686979465186,0.8217018784897808,0.3617215924885306,0.548261649289403,0
color discrimination,0.6954702229195098,0.9297588299076324,0.1662751101871765,0.530805883810988,0
color discrimination,0.5433629401226838,0.687912292847026,0.18936813059628355,0.8988206692491975,0
color discrimination,0.533820302122749,0.6372688405729062,0.39134128085057807,0.9150655567933672,0
color discrimination,0.5685332867486859,0.6241123583193958,0.34693063609818164,0.575448642587425,0
color discrimination,0.9482746646464573,0.6582822518976176,0.1463201805344665,0.6814709601333753,0
color discrimination,0.5821907343346866,0.6864564349758038,0.3006223180983984,0.9306932173950644,0
color discrimination,0.9427817136536993,0.5171144546090211,0.07280131474039553,0.6971887755630464,0
color discrimination,0.8513913373762008,0.5395463878630667,0.3597468791618471,0.7090120169228196,0
color discrimination,0.8782341907581104,0.8849633859118156,0.3191855992717675,0.5444740572628632,0
color discrimination,0.9653567092554299,0.6914008385623801,0.3953886649869945,0.7703927400718618,0
color discrimination,0.6612679509019141,0.5709615254136635,0.38173933193693127,0.6197185714308288,0
color discrimination,0.9402167997051565,0.8982310622708115,0.1698335731424674,0.7426033195441631,0
color discrimination,0.8076707441165123,0.7028107856922912,0.10968307740373034,0.7728618093251511,0
color discrimination,0.568275081768788,0.9403523577483969,0.10749634994315233,0.6035675519361983,0
color discrimination,0.7370339699476779,0.5082924187180815,0.07606588742986552,0.7838059940336077,0
color discrimination,0.7238748466574578,0.6705754838981216,0.08338317738267653,0.9674784268357812,0
color discrimination,0.5314097656500354,0.969955193086434,0.23660632763036632,0.908498467336452,0
color discrimination,0.6370913024710559,0.8364797233196,0.3970591934194257,0.6802743475239368,0
color discrimination,0.7860068335370831,0.9103735658173417,0.26378952875936146,0.8633366038050342,0
color discrimination,0.7194799556859967,0.6008235886288,0.33072962992855526,0.5102811941241507,0
color discrimination,0.948178162149052,0.8282517243855076,0.295719410295364,0.5902046228911503,0
color discrimination,0.9006664407637162,0.5022701957179369,0.23606185255260598,0.6739030797311532,0
color discrimination,0.9479814905703857,0.8594030353998683,0.10914231470758194,0.9529886475874972,0
color discrimination,0.5610856990216673,0.7829552762947632,0.11956531568607397,0.6570584626787217,0
color discrimination,0.8945850900508624,0.5693728082177811,0.25404870113059486,0.510350923546556,0
color discrimination,0.6074556703043352,0.9693232138409912,0.36013236515595315,0.5479898334592455,0
color discrimination,0.9933282694232266,0.9283741130216723,0.0807127866065538,0.9948652957705437,0
color discrimination,0.5199541885766321,0.6177516463563563,0.10879643157879695,0.8192102975634021,0
color discrimination,0.5610459704799691,0.7867026383338984,0.15863913479515634,0.5412954131126322,0
color discrimination,0.7767896928993767,0.913025451229865,0.3462462987836023,0.8125045910383875,0
color discrimination,0.5815990221978562,0.9452507486354631,0.05558115020941437,0.8805202123597013,0
color discrimination,0.6885724157470634,0.710561497053696,0.09141731666165945,0.8415677703497044,0
color discrimination,0.5037572927657752,0.5789437577251866,0.28563732486690274,0.6468461600398194,0
color discrimination,0.7091460846135871,0.8370723374672433,0.10464567929916646,0.5680554421600064,0
color discrimination,0.897432705975582,0.9167240305447297,0.34738414908594967,0.5172546121140849,0
color discrimination,0.9759795496150155,0.7626058788302369,0.3319337328838729,0.9638491995977572,0
color discrimination,0.9776758280727158,0.8649271655722326,0.2772940434363759,0.9621158704916778,0
color discrimination,0.5763211678107238,0.8142265990906437,0.3017857324147586,0.8097322756538012,0
color discrimination,0.5595169885393025,0.5621495234653907,0.3570424971940626,0.6772818979436767,0
color discrimination,0.9179347000272391,0.8658686187138854,0.2037678201772295,0.5041158803293588,0
color discrimination,0.8766696172639941,0.730636495384286,0.17576357329177922,0.8307124467771193,0
color discrimination,0.9589604616657568,0.6302825146990139,0.31274202198144496,0.9148013469371847,0
color discrimination,0.6369101455877915,0.6397663860632792,0.16162056620309023,0.9288396207764915,0
color discrimination,0.8402101172605217,0.7048613164520587,0.3268013266071584,0.7728126524153396,0
color discrimination,0.8563502951090842,0.9141585051956989,0.2487372806639852,0.8001703131502117,0
color discrimination,0.8001847632944064,0.7978850236664654,0.3341121779946703,0.5820076657382014,0
color discrimination,0.7602146118747248,0.7472881645889153,0.3990902710258512,0.7849601909390682,0
color discrimination,0.7771090143175425,0.5403395239319081,0.20100237753762812,0.987051447276074,0
color discrimination,0.8458634837954884,0.6070162826437028,0.3124041054950435,0.5280659437629043,0
color discrimination,0.8217162447686831,0.7256462168613406,0.12040626866475601,0.6310271453940133,0
color discrimination,0.5821315109886126,0.5541612657698308,0.19413715184377867,0.9746269471937956,0
color discrimination,0.6442020015744797,0.8326367468479109,0.1951850355478177,0.7155980676253224,0
color discrimination,0.6024783246144094,0.526401122511907,0.2782058336198783,0.6432421249184641,0
color discrimination,0.7617174905669694,0.932289902267621,0.3094514314736452,0.5142262452949498,0
color discrimination,0.6822220419766432,0.6819924422411465,0.2609178357296564,0.7254781032911071,0
color discrimination,0.5881659960618222,0.5807202516875944,0.2266585327040097,0.6714311746551889,0
color discrimination,0.832369440105809,0.6623468174506792,0.17145696412565192,0.8710548493830637,0
color discrimination,0.7507724358058327,0.5568865115287511,0.11601980531655069,0.9892807430357664,0
color discrimination,0.6038641442169903,0.6538894675508308,0.15672954839196962,0.848591957447576,0
color discrimination,0.8163780463020641,0.8426091089636221,0.21594437700016345,0.5259421778681523,0
color discrimination,0.7314463418763795,0.8332962348589423,0.3597373875602707,0.5261650844639368,0
color discrimination,0.8773854151228926,0.9898511310554408,0.2633739989644111,0.6422447366949733,0
color discrimination,0.6843652095714301,0.539534807575575,0.2592903411606257,0.8856363704462071,0
color discrimination,0.6982215976394908,0.9020619970956607,0.3137248220695963,0.6867341547708461,0
color discrimination,0.625366513891568,0.7503992594384189,0.28389092357555384,0.8036926293324288,0
color discrimination,0.6205214804198564,0.5183813842203133,0.16669741463170606,0.6855920124730082,0
color discrimination,0.6651020486853207,0.5412485208174127,0.12471430133271652,0.9263661183853684,0
color discrimination,0.9488665871239725,0.5542084586183962,0.35707775997578134,0.6189544248686496,0
color discrimination,0.5655466861819216,0.6313220435652257,0.07628331453483365,0.7017270167514444,0
color discrimination,0.7628528680215685,0.8033515424368978,0.19326558137185423,0.8767943634398767,0
color discrimination,0.8509217590787765,0.5376414533819719,0.20842453988330978,0.9389285402997803,0
color discrimination,0.9158765303774803,0.7297129174752203,0.357634656711935,0.5357227355174834,0
color discrimination,0.7284940802885743,0.622795046987583,0.3290840884684907,0.8278373462738989,0
color discrimination,0.9852887746375858,0.5510975884451623,0.10271542709993595,0.543381765052342,0
color discrimination,0.903652131364602,0.9783819646661892,0.233081031278366,0.6433617123135759,0
color discrimination,0.5283797862002615,0.6385466317895886,0.17630046736511956,0.5090187429764321,0
color discrimination,0.9906040746372653,0.8200098605161494,0.27844780499435523,0.9534516663574105,0
color discrimination,0.848335617053541,0.5948206783991832,0.11462398901794864,0.5965584438393693,0
color discrimination,0.7991023268963156,0.914730692905229,0.2063849064224561,0.7882718938458162,0
color discrimination,0.848812774021179,0.7169580030613276,0.1317071214857782,0.8754116940252337,0
color discrimination,0.9784513652638905,0.532664476363885,0.05882864594875514,0.6191260421782305,0
color discrimination,0.553067319792149,0.989905766539769,0.1393503499825749,0.6314985025733907,0
color discrimination,0.8754154422424614,0.5791601290070297,0.38206547567151017,0.8068191816460843,0
color discrimination,0.6371044906673331,0.5190012528561547,0.178785662333033,0.924779313153616,0
color discrimination,0.8781917419258993,0.5921649006494838,0.36356875012817125,0.768126804043467,0
color discrimination,0.9787754422214832,0.9018445197801535,0.21370709743356953,0.8502680505696568,0
color discrimination,0.5895372951569688,0.6926486065459856,0.2972852592137892,0.5874749362121034,0
color discrimination,0.750633186733933,0.8190313175551573,0.2889923747588284,0.9161948599563345,0
color discrimination,0.6874147109125568,0.5774389191788187,0.1526158800995523,0.6004464414590971,0
color discrimination,0.7096702937424957,0.8989876362500088,0.34790600370987784,0.7066079697556132,0
color discrimination,0.865585522996088,0.8173967260369341,0.05890942889564696,0.9907989087965682,0
color discrimination,0.5031944954522305,0.6119993795592756,0.14571624141543976,0.8384682317578286,0
color discrimination,0.9361553361410284,0.5968180368876744,0.11633959026937908,0.8218579361873399,0
color discrimination,0.727853144513191,0.6026888392799008,0.06982846364470062,0.7037485405566324,0
color discrimination,0.5579099329521213,0.5090232808723243,0.2043658724716214,0.5476353221384789,0
color discrimination,0.9286102669038863,0.985383822929346,0.1564035350749105,0.8902334853913585,0
color discrimination,0.8860006447528818,0.9589100980473063,0.12762215255312076,0.7090508512032374,0
color discrimination,0.5947059964086976,0.5777427395880179,0.3016554957481784,0.8453096454201068,0
color discrimination,0.6392160900112707,0.5504056861775103,0.30621772025176025,0.6546278191576131,0
color discrimination,0.5282425677628799,0.6296825187753505,0.2920772497771737,0.8138426411906089,0
color discrimination,0.5582986021699838,0.8344721617606514,0.3122276872911824,0.6666664092506442,0
color discrimination,0.8773556724250318,0.8996000695063919,0.09207826265029172,0.5364396765488074,0
color discrimination,0.7328052340886995,0.7829332995209116,0.27698496159748365,0.8707942060208357,0
color discrimination,0.8404373660835265,0.6691503056808682,0.29755169794890246,0.6856848329767918,0
color discrimination,0.9021721183622604,0.955453367743798,0.07779073496284403,0.9603737053207109,0
color discrimination,0.5084934088458157,0.7926974967554048,0.0983908091045525,0.7443302532511578,0
color discrimination,0.8431834754702175,0.8812867614460332,0.3974492255391276,0.7529641318695101,0
color discrimination,0.7217878626085915,0.6295169990775404,0.3208534003298205,0.7655358574521072,0
color discrimination,0.6018311905818567,0.5606322822719081,0.09214528517450316,0.9815278882713154,0
color discrimination,0.6747197672313001,0.6366423485811126,0.2078802144596082,0.8511552288959555,0
color discrimination,0.5525512321520786,0.622575419574169,0.2381989187870865,0.6120562482293106,0
color discrimination,0.8479533374421964,0.9300294271850649,0.3738883777444199,0.7459008666535427,0
color discrimination,0.6873646931188386,0.8142846366361893,0.30375531258177035,0.9522686354187592,0
color discrimination,0.5932487596483493,0.6705987209697939,0.05066851200350372,0.9002531734917889,0
color discrimination,0.5949950956388068,0.9966915736830464,0.2492444206231615,0.8138811003631867,0
color discrimination,0.7402274108491136,0.8032874216932688,0.3143165402402608,0.77692539770768,0
color discrimination,0.5798607349059064,0.8621640821871788,0.3972030729266599,0.6917049754969458,0
color discrimination,0.9804228910515076,0.7605888204967921,0.1528665757202871,0.7219373121206781,0
color discrimination,0.8025994996816064,0.7832649703222856,0.30219294457899454,0.97571717054049,0
color discrimination,0.5784926299865345,0.9646967606334658,0.13048588650945903,0.6361081667919055,0
color discrimination,0.5785649758374936,0.8998655983843897,0.11455743212052413,0.8960380796368205,0
color discrimination,0.8958233255010009,0.8766233562479256,0.30645756135072616,0.7652328180053511,0
color discrimination,0.669618176313793,0.5082334809412039,0.09920881370526023,0.9596975192766359,0
color discrimination,0.5181348570382454,0.8830286413999816,0.20938692327397107,0.8750776530928834,0
color discrimination,0.7084867798023993,0.7478554422394685,0.3692011143955918,0.8460846880747119,0
color discrimination,0.5495018741295927,0.6477691164562568,0.07505556725323438,0.9485247301329849,0
color discrimination,0.9350185982340997,0.9080386084791989,0.2842379751239629,0.5483188688585092,0
color discrimination,0.7191912638157583,0.7472436632426802,0.3832126229956679,0.6470104158607088,0
color discrimination,0.6548270485139744,0.5516431872223401,0.23409399174553291,0.7333144940942817,0
color discrimination,0.8889197260117911,0.6110035808949721,0.3233792963499673,0.9533053564341434,0
color discrimination,0.8876633170812462,0.7877544490695597,0.2772178879104287,0.7298778572764508,0
color discrimination,0.6842989442698315,0.7388301997155231,0.11630193885680389,0.5197242776544673,0
color discrimination,0.7114646471908959,0.8707058091498746,0.30892411008979054,0.6542337632381359,0
color discrimination,0.5705479613432662,0.6120335951027345,0.3969335582153787,0.6942213214059885,0
color discrimination,0.687287596326078,0.768177794389328,0.12504816667471427,0.7608599822078888,0
color discrimination,0.8923842952846586,0.950756397173338,0.39140775559148083,0.8535753853123124,0
color discrimination,0.6617605982646098,0.8400508444180586,0.32411941729680793,0.5474746982146229,0
color discrimination,0.5067064393630049,0.6071304264537114,0.051608833030281354,0.597872507185626,0
color discrimination,0.6331315006378371,0.7761675962846118,0.12371770396878351,0.5960074578549508,0
color discrimination,0.6177614939535144,0.7904747901565428,0.0752940018266426,0.9012839192996096,0
color discrimination,0.9216783408644973,0.8246521582747091,0.38146841994238534,0.9265112607595879,0
color discrimination,0.765486502228576,0.5991422392497494,0.09946607880782235,0.5615134252576534,0
color discrimination,0.7774607410796525,0.6512123973841064,0.06030769272700306,0.8951631365159266,0
color discrimination,0.5324643191372842,0.9078800791730663,0.3344649221189932,0.9251915912901163,0
grid selection,0.6304032571705871,0.7322542620306325,0.05157300298948406,0.7914528452089387,0
grid selection,0.8708988614692383,0.5935469038493266,0.12801800704040106,0.8293173614802739,0
grid selection,0.9605414909058696,0.6488397548317939,0.09729531664575986,0.5958965628540694,0
grid selection,0.5367990717322431,0.9861066169037243,0.12995707815034963,0.6301614156322247,0
grid selection,0.8380765306335409,0.8750531105834336,0.3255381597841694,0.8495889828235863,0
grid selection,0.862094057059421,0.9484117139948285,0.26903218342038476,0.5540189222144112,0
grid selection,0.9348659774566774,0.5548265592774679,0.2410073069761155,0.6324699832946205,0
grid selection,0.9880660415612357,0.6370376259613386,0.0678270965061821,0.6278911694778452,0
grid selection,0.6139712941048561,0.9112296492899206,0.3170620242889416,0.9965671060396082,0
grid selection,0.9521816952645609,0.7746263880714908,0.39373591111637635,0.9998901090265344,0
grid selection,0.5037005440459235,0.556772635481319,0.12781871591882343,0.7099278449188098,0
grid selection,0.691789343332188,0.9782113229637213,0.20989930943089824,0.634264516341942,0
grid selection,0.8818604544144721,0.9339939723760616,0.07197169248786817,0.5414792879154668,0
grid selection,0.6944133193135118,0.978892174706053,0.30293399558323597,0.7358137021469404,0
grid selection,0.8266311677841525,0.7159269746470978,0.14333311850602276,0.7161980389422067,0
grid selection,0.8499099537408894,0.647961145015352,0.05043926773073716,0.8929832615368388,0
grid selection,0.7400207845950357,0.8175621215537883,0.39100082415318,0.7511672000069858,0
grid selection,0.6162935990151391,0.5486460600758464,0.2876746448256543,0.6955745476143902,0
grid selection,0.527755474442481,0.5911994215501546,0.19863975414082968,0.5803119725547126,0
grid selection,0.588800296734213,0.9850315389439184,0.1801233993259594,0.5926994358722477,0
grid selection,0.9209172506771157,0.7294678426630474,0.38520776174615656,0.931004825725026,0
grid selection,0.6726964248959566,0.8160720062969721,0.2797780066853953,0.9874492532015547,0
grid selection,0.9440901149423937,0.6247359499175082,0.18192243732012064,0.8094242192847395,0
grid selection,0.5875825939153856,0.6742190368675207,0.2421550034026187,0.5236196767554098,0
grid selection,0.9526165919540286,0.7040318766104312,0.08320859987489064,0.7787076335967325,0
grid selection,0.5678595185939599,0.517638832115326,0.3729016305864292,0.7401084467327251,0
grid selection,0.9981839039326621,0.5535225422453095,0.24377194957809795,0.8579697348160586,0
grid selection,0.6896559096818771,0.6682933597623797,0.3920349818476959,0.5358415169678772,0
grid selection,0.8403548811102889,0.8010900099883654,0.2934326499598599,0.8573497249961933,0
grid selection,0.6539152629224076,0.6517711352745799,0.07565762901339362,0.7165742850491708,0
grid selection,0.9107019962170517,0.545331757693282,0.13863746870716143,0.8617852424608287,0
grid selection,0.7399433496437939,0.5810219085748256,0.08817736387781402,0.6915231830921289,0
grid selection,0.9153249864640657,0.9354684590726663,0.11935350602383514,0.6141660375555649,0
grid selection,0.9810957227771676,0.970315628306726,0.305612053398966,0.5659872186213523,0
grid selection,0.7951850688048714,0.5424668059605782,0.10874434975186603,0.8561067510336238,0
grid selection,0.7633635868244733,0.8089955812518659,0.1210994541810881,0.8723253084713568,0
grid selection,0.5345158037673219,0.6906656319650831,0.28469048757446325,0.7148679439832057,0
grid selection,0.7739098578665311,0.8662037913272244,0.17377372515267647,0.8417853772025272,0
grid selection,0.9227807469408683,0.745523246560695,0.11901579073165967,0.561207143015802,0
grid selection,0.5495373755023178,0.6937711390213427,0.2528580373348842,0.7819434373214067,0
grid selection,0.5877336013752394,0.7846140345092296,0.061151345269892576,0.6597239809553478,0
grid selection,0.7671133114268222,0.7628740709791297,0.20425456050358332,0.721296258084428,0
grid selection,0.5737816319783309,0.6774806361424685,0.3984621738302183,0.7039123144189716,0
grid selection,0.7632910650859187,0.8520925874509195,0.13618865690820026,0.6051583331224506,0
grid selection,0.7718038101768454,0.9430740312198753,0.07136181095248902,0.8255932885574374,0
grid selection,0.5259777765702695,0.9102423697535161,0.19139187972134275,0.9061572349290066,0
grid selection,0.5142940917191146,0.9208060450702329,0.3437678998520127,0.679129845306417,0
grid selection,0.6741914989249377,0.7387364375139556,0.1338908450182648,0.9473105325559055,0
grid selection,0.5953206813571403,0.6539402780921275,0.28716068209741047,0.8966703600967979,0
grid selection,0.5259543364461831,0.5534989931694063,0.09025972438122641,0.6616138157656167,0
grid selection,0.879270707422869,0.919079084425986,0.38620203903960143,0.7754060303870326,0
grid selection,0.8594196597813784,0.7276113016491897,0.16565982399327744,0.5999616526754692,0
grid selection,0.7169904211774736,0.8831953076898691,0.281592154158558,0.9487642517219312,0
grid selection,0.6944842738880981,0.685424197328917,0.3448378457729874,0.9652890058318682,0
grid selection,0.8509917823341238,0.7100585664082729,0.26543040178660915,0.8687741698120249,0
grid selection,0.8192120034765844,0.9724249323338132,0.20047365904351772,0.9114550941068091,0
grid selection,0.8243929277316777,0.5102304220235532,0.1648917022176934,0.9548350906075389,0
grid selection,0.7991735145224148,0.8930766671586845,0.08032977678622924,0.8562975409486439,0
grid selection,0.6455796592679804,0.604597422652019,0.1160247181834393,0.8456231261657299,0
grid selection,0.5932621416210901,0.6509473463823721,0.14457951329115099,0.7009482412141019,0
grid selection,0.587066395546338,0.6721727039185675,0.059937371296891376,0.7215226213268249,0
grid selection,0.9292492872145734,0.7206932246328267,0.09528707589286815,0.8985233343973859,0
grid selection,0.772652904519983,0.7424252593040098,0.3804623547499527,0.6287905232609594,0
grid selection,0.7847112409035597,0.909954179834881,0.28894035277225183,0.7939046931238951,0
grid selection,0.6599008343783954,0.6165585551200732,0.09250575094015084,0.7670386507881832,0
grid selection,0.6539482960861009,0.8005003453194407,0.3588109033335645,0.7206424063388985,0
grid selection,0.9476325069482355,0.7830070430776028,0.25578918855909105,0.9042720386470371,0
grid selection,0.6849411128065217,0.7552769629595519,0.1690700417410802,0.5272455449044636,0
grid selection,0.7198389700584245,0.7462788687616171,0.0677596180926009,0.9231287232981769,0
grid selection,0.8987944597782076,0.6998961907384829,0.07773510742063909,0.9467629155345103,0
grid selection,0.7570771594406022,0.6290648067120098,0.20027928436506226,0.9974500960349335,0
grid selection,0.780898428707516,0.5290512094409812,0.3817406690501455,0.7460019391242128,0
grid selection,0.8737011092777294,0.8271977719632658,0.3556349939791742,0.583730290478577,0
grid selection,0.8505572519929039,0.8982551569915489,0.250291011073288,0.9966872549139794,0
grid selection,0.7554922064902795,0.5717389825951177,0.2524343748061372,0.9516698042025413,0
grid selection,0.7512882742602223,0.6760779248206554,0.2508390907816776,0.6797926018960008,0
grid selection,0.5996176312806059,0.8387682292348881,0.16555608309786646,0.7780155944610245,0
grid selection,0.9656873310754748,0.6596162579035958,0.2144925943994917,0.693957053792643,0
grid selection,0.7811596885330815,0.5820345281558708,0.3345326683228195,0.5709961879275132,0
grid selection,0.9959901741060335,0.6472591810017458,0.07419115319031303,0.6590857211381851,0
grid selection,0.9005265204687419,0.9100073248631989,0.06880047902024444,0.5991107623740699,0
grid selection,0.8615634318267831,0.6736780204347077,0.22806385994779016,0.740427918955169,0
grid selection,0.5248797271526543,0.58520690303775,0.31483727028496344,0.7726272400428549,0
grid selection,0.9316789523220756,0.8540607741827722,0.1423797955886203,0.9857518625158612,0
grid selection,0.58100272887125,0.8000967979460676,0.35672466703371597,0.5971699266046313,0
grid selection,0.9101078021352054,0.8888136290439019,0.07687720157614075,0.6799319662743417,0
grid selection,0.5450238524336695,0.8664261927551948,0.25785947951246896,0.8649589825121302,0
grid selection,0.7960922848765302,0.6542148585065783,0.0742038314375261,0.8860188059039342,0
grid selection,0.6772618717811911,0.5896416446611031,0.31810700688857696,0.8647243758702299,0
grid selection,0.6205057916794003,0.7448081809970206,0.3336338109973495,0.9869704723543231,0
grid selection,0.654060693987074,0.5398908876253543,0.37023145905062416,0.7265501144128539,0
grid selection,0.699509341522186,0.9918484502898608,0.24741852153133703,0.6994516517683265,0
grid selection,0.849906327538352,0.7661680738868027,0.21933120055677585,0.9815330608331072,0
grid selection,0.7538074668525174,0.9036468881093158,0.2269497111796272,0.7089606542875324,0
grid selection,0.6592026098118078,0.5967756780699389,0.06999891966088354,0.8832083551010785,0
grid selection,0.7063855174411773,0.7341696866011638,0.12359207798089387,0.6014425423251024,0
grid selection,0.7599930009320858,0.7041885632074831,0.34818584731947344,0.540831636152856,0
grid selection,0.6677202423557467,0.9727513754718302,0.32050520863501053,0.8606835948441212,0
grid selection,0.5510393859349453,0.8046056628386618,0.18603626923475997,0.6506743909479729,0
grid selection,0.7565906098599278,0.6086180088635318,0.34297074287439294,0.5190350044466867,0
grid selection,0.8313225215683433,0.8139438615147397,0.08061795495449642,0.6108744803539335,0
grid selection,0.943060084733347,0.6200912409111645,0.0950590770030553,0.8050964673161867,0
grid selection,0.6624087485649794,0.8989392656829128,0.21103857339739734,0.5002153730327691,0
grid selection,0.5145485040501062,0.5280524676362939,0.06158945335973371,0.9196855388692241,0
grid selection,0.525078300799827,0.5668998314617775,0.10981637333023447,0.6366939726389766,0
grid selection,0.6180726218568681,0.7968515446157041,0.18301962262665644,0.9997573655107606,0
grid selection,0.7713490104503489,0.6273773683560695,0.1414811707654439,0.987430507031682,0
grid selection,0.6122149873588865,0.8797425081807022,0.19855721554376898,0.5690947238779411,0
grid selection,0.7808158778419576,0.708597102872177,0.10339835482831694,0.5345000783892402,0
grid selection,0.983217516781763,0.9369534402639823,0.20688491582691587,0.7073053618715505,0
grid selection,0.9722561987663986,0.640715618562494,0.2539279368420259,0.9828585625074123,0
grid selection,0.7728257529105844,0.8995582145126491,0.348459890323101,0.9402507638426143,0
grid selection,0.6158385822456228,0.6688370047505734,0.1226686431917522,0.972471958128209,0
grid selection,0.6084301404009791,0.747175886214392,0.3865189196017045,0.8323104337385773,0
grid selection,0.8557671854242868,0.5585902363295498,0.14264856760891576,0.5495591428787718,0
grid selection,0.6868259641423415,0.7115784491382346,0.24343961483252707,0.8927217687497743,0
grid selection,0.5500071531896404,0.7514983973412175,0.21929011261693748,0.8469249372334018,0
grid selection,0.5729322055751058,0.5246819307338104,0.06298956479244894,0.7895569584260567,0
grid selection,0.8530455711172922,0.8852258440283092,0.3592497919580823,0.9846289377498993,0
grid selection,0.6743925263191763,0.9889755728750425,0.21364247089046728,0.5854068516092622,0
grid selection,0.7621464589551333,0.9852267571391966,0.08462993256139138,0.8116919609678465,0
grid selection,0.8457133447451186,0.7095224134458638,0.20377537099045834,0.9668727087184863,0
grid selection,0.5228613996626923,0.7633902486349253,0.2530158578830949,0.989643995195651,0
grid selection,0.9854672343532749,0.8312453992140474,0.16846446298985784,0.8056877018053981,0
grid selection,0.630295464382381,0.5672183787480514,0.1567854353590409,0.5933811369876656,0
grid selection,0.569022894729273,0.5263821592462663,0.15596252280560563,0.8553941052321357,0
grid selection,0.6143223791263106,0.6302097043599022,0.07556821860456338,0.5484212511658919,0
grid selection,0.7053014754994689,0.5732784190517957,0.3298573049063627,0.7341603882779922,0
grid selection,0.921479152345378,0.9097156637550763,0.1450247802264783,0.7644465332078421,0
grid selection,0.902067574772855,0.8813411828514872,0.10240024185083303,0.9666960874860144,0
grid selection,0.6306983800986845,0.9730659768355938,0.14781583879678836,0.7167142356292487,0
grid selection,0.8881996827853448,0.7036184304069681,0.05365389450673437,0.7568010819448521,0
grid selection,0.833223560186243,0.8442524752367111,0.07876617549375858,0.7232332843329345,0
grid selection,0.942685249894172,0.6148378271637611,0.3432666951057095,0.8631988245442281,0
grid selection,0.9047177394506752,0.576139885199908,0.3300202105393141,0.5895923452136107,0
grid selection,0.509053324111223,0.9544410683374256,0.3168642780320059,0.5064924392118472,0
grid selection,0.8984735278042769,0.989867185650581,0.18792112969408648,0.9563358198077583,0
grid selection,0.7624393930703517,0.8811783865918177,0.11715065179802661,0.9639756121999392,0
grid selection,0.5141711083406382,0.6214462116702891,0.1294508018772435,0.6303158384921658,0
grid selection,0.5705612792158379,0.8916342520999305,0.1170095986790485,0.7841302522893039,0
grid selection,0.9210856987558067,0.9241168943571674,0.25592382883055115,0.6651249885695903,0
grid selection,0.6058687121667244,0.9125584583865614,0.13559821127558663,0.7060955280586708,0
grid selection,0.6058626023246032,0.9742912952832319,0.11302820996179301,0.5381403029167526,0
grid selection,0.9779793759622948,0.9300785620657308,0.18168013326764076,0.8225318470663334,0
grid selection,0.6377561105855309,0.5329524007768491,0.15549755156724163,0.8171741315811349,0
grid selection,0.9870639982352905,0.9633596260002555,0.2525723011792005,0.9220393599104677,0
grid selection,0.638597124322189,0.6008323917813532,0.2424373396138122,0.9130227213555565,0
grid selection,0.7348244130484926,0.6490822891249457,0.15575744315386453,0.8708930177696885,0
sliding block,0.42157257715790675,0.3523534011236007,0.6156611570294575,0.22307990490319318,1
sliding block,0.4891674922355794,0.17130907114891178,0.6503929174492526,0.39559285173516223,1
sliding block,0.36718740643375436,0.318640261947608,0.6432887500839256,0.2719052848800876,1
sliding block,0.2541603513603423,0.5918403018643755,0.4246699461618694,0.2656372236707931,1
sliding block,0.22024695436187539,0.5171212576233863,0.3068481337354155,0.16977072838303248,1
sliding block,0.5932691036889144,0.21341617230843854,0.5606226849957738,0.24286183724053917,1
sliding block,0.2898280092506881,0.47334492472698675,0.5629291367446478,0.4736826949238121,1
sliding block,0.18919361555211575,0.25817643683793856,0.6539345351596552,0.4355383083072776,1
sliding block,0.3769663228154063,0.27083868891786234,0.7614033994322679,0.12982510350662718,1
sliding block,0.5644238545182932,0.29121132066130573,0.720334609001863,0.16516220342847335,1
sliding block,0.3199339367762465,0.5496645122804305,0.750002349435634,0.3344345043681372,1
sliding block,0.13563138341935002,0.18828664094808442,0.31622791066803996,0.3406606570282141,1
sliding block,0.3022420942527698,0.2030291203995199,0.6698157108825101,0.10031308445506358,1
sliding block,0.11185195984048699,0.13221609444387658,0.5832434765244141,0.43518310727958565,1
sliding block,0.17353815361626343,0.11447063189146892,0.5674562384218742,0.3821666730507419,1
sliding block,0.1531914670301184,0.3637778485050077,0.8108343017295732,0.4465265613076964,1
sliding block,0.2875199379434442,0.17558934758838082,0.42309269543559425,0.34353188277709823,1
sliding block,0.37250256188555,0.3935562434437423,0.7834174556509701,0.17784082009907498,1
sliding block,0.33722487081066865,0.5336163658710812,0.5981754783707438,0.12358846142980631,1
sliding block,0.5036798015026865,0.42379119305013135,0.40043511625762856,0.12607708188145558,1
sliding block,0.4103487281998005,0.33462533131443783,0.8973346327673732,0.31242556952884126,1
sliding block,0.47262832930395327,0.11913337193269488,0.7069125655445161,0.2304818865319671,1
sliding block,0.3146684795776966,0.5907296302454063,0.500226379574552,0.4485352816862713,1
sliding block,0.2290777668936738,0.5035473744673025,0.8100452798135194,0.47452770510836495,1
sliding block,0.4566494920310421,0.13921145723502507,0.612960373276077,0.3681483075091412,1
sliding block,0.3884389187838373,0.24274232327374154,0.32060131401325603,0.15052201573561863,1
sliding block,0.5960074894339894,0.5326093489134289,0.8553377390138137,0.12849035002830217,1
sliding block,0.5611798088589112,0.5960259993215141,0.8729565744094976,0.35506740373225454,1
sliding block,0.32580192861917434,0.3002262544198303,0.4230997993928166,0.4147216238603144,1
sliding block,0.237011277276479,0.19395409783799664,0.41379159932035847,0.3728322629269748,1
sliding block,0.20647342290319828,0.4036279799200716,0.3255032877531025,0.4511500913907318,1
sliding block,0.319081030038896,0.4108645905337177,0.6792432806216542,0.27587527867710127,1
sliding block,0.47833108848989014,0.32641425039709204,0.6539726335070634,0.4654266803198468,1
sliding block,0.4309255320190942,0.5376779182213529,0.7153497380641849,0.41277206768709374,1
sliding block,0.49897346848953394,0.2779349448811508,0.3517898529430734,0.3125568968343144,1
sliding block,0.5604887577033166,0.5993032997254979,0.44088661063945,0.10095607198545312,1
sliding block,0.18728007279554645,0.4130155326560121,0.814338736882833,0.12349305504015723,1
sliding block,0.30486803312055755,0.2654973673894918,0.8302205198904522,0.3550848252358505,1
sliding block,0.5545487889231937,0.1257417772057776,0.443753784078025,0.14192699453218635,1
sliding block,0.3955773760606125,0.5074782642490944,0.8392827388852018,0.12716441238761536,1
sliding block,0.49192802851307194,0.15464399461260733,0.796347019861204,0.4511344625865491,1
sliding block,0.30897823579766936,0.5299715852169277,0.6807107196971076,0.25609603099278744,1
sliding block,0.3361182153704997,0.4572099539527521,0.3766737163236167,0.10327580044448204,1
sliding block,0.2328281912368743,0.5244552666586382,0.34791021319847454,0.10989096880384448,1
sliding block,0.52681805738649,0.34678905465314724,0.4273099720748622,0.3626130867753141,1
sliding block,0.599984844196866,0.24871335663997937,0.43215897361590727,0.26289952253432186,1
sliding block,0.1253120112057979,0.2189076220428635,0.4185067805302186,0.29352810236322924,1
sliding block,0.1515576043104873,0.45704004270950993,0.8033119767903765,0.47403427480078364,1
sliding block,0.5959516952288049,0.5915913948427085,0.3293314517042693,0.11420734468537108,1
sliding block,0.5500154114127574,0.302666423064213,0.8684335934779801,0.29569570651465493,1
sliding block,0.533825806143404,0.3251010992312128,0.8066493498370659,0.3407811405321943,1
sliding block,0.3492473802125493,0.5463242006781162,0.8281569333614953,0.46491266742128234,1
sliding block,0.24365483821688091,0.22722307320256882,0.5022519510218348,0.1843804944259677,1
sliding block,0.5936392290484319,0.5874137406409231,0.8651690819750892,0.3899958214433886,1
sliding block,0.19187307246910265,0.2320635343759466,0.6619376160271144,0.2607309862412278,1
sliding block,0.598399858730264,0.438467748545431,0.558104196100913,0.1447437834428107,1
sliding block,0.3378181966899152,0.5584043849114554,0.717141732971776,0.4723477766812755,1
sliding block,0.41109873910603767,0.17748657140610338,0.5776628443376295,0.2903216092345834,1
sliding block,0.589308099631208,0.5320903760733325,0.7778668577519124,0.25327434522198733,1
sliding block,0.12150384124655486,0.3143737393446845,0.4760047377016947,0.42451452636821696,1
sliding block,0.34239672870815785,0.20710785057880207,0.4801523770421303,0.390440439186165,1
sliding block,0.34721362117384236,0.5481788427344944,0.8285731982174709,0.32511264808265455,1
sliding block,0.4292924560896004,0.4573364677898665,0.6560044396950628,0.17739204448162763,1
sliding block,0.17665744163784644,0.542189195126512,0.4310371539604094,0.2904945071855467,1
sliding block,0.2875676647664487,0.40767021196535347,0.5513778582078014,0.3401375531884015,1
sliding block,0.38721793573671537,0.48354547889339505,0.7673644518677533,0.37671724413785623,1
sliding block,0.3243988134850052,0.11321690003493964,0.31441541487251423,0.25444188282634694,1
sliding block,0.34762212087696176,0.35126405935844096,0.5150382567645322,0.16131833216336094,1
sliding block,0.12501913184764038,0.13375705327187007,0.5724752355665752,0.29161511675870666,1
sliding block,0.48079344509596533,0.48264678022484886,0.32844453322808725,0.33836179912313097,1
sliding block,0.13938468232039244,0.5079763551298064,0.6295601771370243,0.2538486268354324,1
sliding block,0.24080727484066736,0.2887197714511265,0.6516236115065857,0.4762843132286426,1
sliding block,0.26945059271836236,0.3400010734834361,0.5758869062507814,0.1902892434546919,1
sliding block,0.23746736073197824,0.25687704050500315,0.6425259911153891,0.40048812392445965,1
sliding block,0.22153080941606365,0.509561984336023,0.6345421743024413,0.13004600178185757,1
sliding block,0.11859293216551617,0.34137546137059693,0.8650674580874624,0.3789820933281012,1
sliding block,0.3342135536614598,0.417387708946951,0.3402489865317697,0.4570025421699503,1
sliding block,0.2801047401247999,0.21727208272383683,0.7546282033797218,0.1793204459749781,1
sliding block,0.2250286958856116,0.20921381015560467,0.6620721526421534,0.46055710609077716,1
sliding block,0.19794727053958314,0.5499336917731374,0.33952261183945753,0.2990505721639272,1
sliding block,0.2908055629470786,0.4674966916886274,0.8904973586917155,0.315007486326502,1
sliding block,0.4529911025201775,0.42649084062707354,0.702293360076073,0.26757167190619446,1
sliding block,0.1128860698985252,0.23666265365523512,0.6995855422811796,0.2753932633830397,1
sliding block,0.21363474842542932,0.17065223765978946,0.4286113381095751,0.2287293351554184,1
sliding block,0.37692455396226565,0.5620358660509639,0.7549413795576365,0.1554746262882675,1
sliding block,0.29026778038470746,0.32923656002623414,0.5536521944167665,0.23531162304336758,1
sliding block,0.551318800181275,0.5136921823375064,0.4432323687788179,0.29206929658616576,1
sliding block,0.42822274976500463,0.5358967443054007,0.8562634656634363,0.271727242415328,1
sliding block,0.5638787962224706,0.35944143052278066,0.7066435942180656,0.19460838781490863,1
sliding block,0.42945107613053857,0.5609223186452841,0.7061939504160428,0.24026516255166672,1
sliding block,0.1094165747147636,0.376065518209562,0.7184363714603552,0.16506936847578926,1
sliding block,0.337123085118617,0.1897837739545364,0.8228769482489662,0.4627263345043954,1
sliding block,0.2660246109704497,0.16692242685952088,0.585298907997549,0.12630497129650675,1
sliding block,0.10231081039965048,0.14558200451096856,0.42526289181520915,0.31692203703926036,1
sliding block,0.5206959402686929,0.3127744353234704,0.43235494128399177,0.1023510221565997,1
sliding block,0.38478247059703996,0.4305764088798594,0.741650232882943,0.33043386787601126,1
sliding block,0.13485963319352326,0.5827057899406854,0.540986633377084,0.3626278106549524,1
sliding block,0.3481577603336986,0.5238094927348611,0.5164434027213205,0.35748949953912346,1
sliding block,0.5990562004866169,0.519938675923445,0.6298431007282241,0.13077877966500948,1
sliding block,0.49031479034587677,0.5854543999191663,0.34448206168907375,0.3575040138602499,1
sliding block,0.48029250160929227,0.4718833417944004,0.4055031569356985,0.20825795232223274,1
sliding block,0.5066788392657633,0.4173301494313819,0.8118953793530168,0.23938039548154647,1
sliding block,0.41198055730682714,0.31764866760786825,0.37400392108724373,0.2382761485563657,1
sliding block,0.30112665629807134,0.2718460335028018,0.7196711122475895,0.2259325720183809,1
sliding block,0.30207679799775866,0.34297530538168897,0.323429131913538,0.45190090774421665,1
sliding block,0.32507219197658155,0.5864123502344097,0.7509987372763289,0.46002499652695483,1
sliding block,0.25796740336990276,0.1832318446010708,0.5806984520524571,0.13468476879319838,1
sliding block,0.3639279518574108,0.35333436720559175,0.5729184566514425,0.39919202204455895,1
sliding block,0.17998929341027123,0.5113792501878937,0.4724696341520907,0.19047124413255495,1
sliding block,0.2604937310823573,0.546300379036717,0.37817530082010425,0.21562703820703577,1
sliding block,0.4267098466551412,0.2402526613001739,0.7277385485166414,0.4442854922963665,1
sliding block,0.38805791905889864,0.17367760320950063,0.6081012519310143,0.3257564105442491,1
sliding block,0.2617778439508538,0.23050741154941148,0.8053159197038673,0.4460682945837059,1
sliding block,0.525268024984455,0.2194287546872892,0.508595157419426,0.21366086774636323,1
sliding block,0.2244732865535131,0.5947511466336827,0.38403719740561737,0.1593320435029055,1
sliding block,0.1624797220947836,0.33345916898995964,0.3802989601370344,0.3090458613285758,1
sliding block,0.4463434956262541,0.2360396653447849,0.4895235717620732,0.1300742409493092,1
sliding block,0.19261248367490066,0.1512062221393696,0.5497344921516811,0.38726900633768035,1
sliding block,0.19380331433230566,0.4568166376091398,0.5426708299373053,0.17755426106004585,1
sliding block,0.20124784401887327,0.25705846209688565,0.343335562539049,0.4870184347092116,1
sliding block,0.45918156036377733,0.4920595011488045,0.3428062124797444,0.29461902799127204,1
sliding block,0.5186083788502309,0.13034825966655259,0.5711518736422322,0.29372816915195,1
sliding block,0.29083570147918014,0.4722641067673261,0.5054891637883089,0.1591599391237427,1
sliding block,0.20171347314510532,0.5298645205907715,0.6373674617712856,0.49230021316509354,1
sliding block,0.15244935094351783,0.5108645211683637,0.7900971032331539,0.4627151623239518,1
sliding block,0.2276198560592432,0.49437448993133126,0.5617517376417155,0.46629964141694413,1
sliding block,0.2506870310190671,0.2910078994125078,0.3729918422328334,0.26916359879263185,1
sliding block,0.31579512772821405,0.5837866426931989,0.4853552033653807,0.19971755979622055,1
sliding block,0.42699869489772446,0.3153976757215673,0.5012477094962549,0.19429682653257965,1
sliding block,0.40279447407722335,0.27350554250421255,0.8329192928920959,0.4467331444003826,1
sliding block,0.345305002944456,0.26104373227670297,0.8331262241710824,0.2016119878902432,1
sliding block,0.15263310137396788,0.17123151224261615,0.7426050742611519,0.4233796898883231,1
sliding block,0.25953324974060843,0.2523729431490721,0.866581283423127,0.44850198977222444,1
sliding block,0.44927783097318585,0.1283914447924234,0.4974761062545894,0.3400252122277103,1
sliding block,0.2783389773671274,0.1199986609964814,0.862718557005832,0.4971786741548735,1
sliding block,0.24932812538115476,0.4121576442282666,0.45845183096605335,0.214584413256772,1
sliding block,0.3986349685061221,0.12804093116304402,0.6627600994365419,0.4563825978024617,1
sliding block,0.34889748894305417,0.18145884769741258,0.5969950035062336,0.2435305929030696,1
sliding block,0.11965660706612283,0.273061774658655,0.45120970312524344,0.4856073378989232,1
sliding block,0.3842986872769406,0.15799879054087504,0.4091573590639284,0.4354221084464802,1
sliding block,0.5400463521168277,0.16144389599876138,0.8806219215523763,0.16528884490501353,1
sliding block,0.3015829708704535,0.19188866731149704,0.8195794945963377,0.4809355893372259,1
sliding block,0.196303606795145,0.24305172769141128,0.7219193263490356,0.2690671827936103,1
sliding block,0.41728087204802056,0.2524503165970253,0.741961038688006,0.4721046398324653,1
sliding block,0.2018479921689237,0.2640331429639323,0.6832875167221105,0.36468914625479154,1
sliding block,0.32312683597132374,0.5450345353317532,0.4571295117326307,0.21455473058862062,1
sliding block,0.43934683928893836,0.1586625831557578,0.3531563894083044,0.2519505064192889,1
sliding block,0.45116756736811237,0.33821082123100754,0.5319758113837914,0.47739431675118127,1
sliding block,0.4205707047075177,0.3317199018812368,0.4141945496680174,0.374854674428554,1
sliding block,0.22705399839281945,0.31135664243291683,0.4931699549092056,0.35949378760926876,1
sliding block,0.2823134369080591,0.27218699257774626,0.6366340206282655,0.18007424261814298,1
sliding block,0.40741167687481517,0.4306541763686407,0.7490813062180725,0.16665779538833636,1
sliding block,0.2256690391157888,0.20407460159718285,0.5250521884086927,0.2415771467682264,1
sliding block,0.21581409387318465,0.382181184594084,0.41285307119678794,0.4862574344577979,1
sliding block,0.5205564163456659,0.4634674587433022,0.30222068006745917,0.3349428730768763,1
sliding block,0.4786828689017122,0.18660699090068392,0.4698600452319962,0.2424906466942669,1
sliding block,0.4531547159350905,0.20632792897825133,0.36730996986642905,0.21548112126447935,1
sliding block,0.5754109773780136,0.4593174057869782,0.6656379397565308,0.2618970997104383,1
sliding block,0.24349433149807384,0.5140107207922838,0.8006731356125585,0.19641633595524685,1
sliding block,0.5885008962941927,0.5895407561257123,0.5833093945443577,0.27338733771869683,1
sliding block,0.3364049705768243,0.3157425064949815,0.899337848286895,0.39703676247169406,1
sliding block,0.14979086810636452,0.46094287656478006,0.4153044503004699,0.1890180241100362,1
sliding block,0.14706122829496174,0.18550869686894964,0.7607134487792448,0.1970850850671031,1
sliding block,0.20157129182609226,0.4797243220592754,0.7093169599294105,0.4983729189011067,1
sliding block,0.1441281898471147,0.16493801404724315,0.8418104968822586,0.16092323164193637,1
sliding block,0.468194635541586,0.3191271058005153,0.7701207445588254,0.21072537418998882,1
sliding block,0.3965770788634986,0.13754303810383647,0.6866580302950768,0.24249802237634263,1
sliding block,0.14118756331046187,0.3876111622301488,0.3705065477396683,0.31736662259328297,1
sliding block,0.20998993811707087,0.5029082845894561,0.6398383733628951,0.2833161959809022,1
sliding block,0.1205436163062191,0.40287629879610687,0.5152238374868303,0.42968362093744905,1
sliding block,0.17071064167702896,0.3707164855780839,0.8932759209049372,0.3133968065989317,1
sliding block,0.18030971597748932,0.10926133260326923,0.7474227493966104,0.45384720412319746,1
sliding block,0.27218437106823556,0.5275965206752979,0.33075405560724963,0.29552777639148387,1
sliding block,0.3503498865613388,0.5570895330329247,0.8463560090667526,0.4214244692343212,1
sliding block,0.3962450110984844,0.1897771246824598,0.5328917897154288,0.4667160779883507,1
sliding block,0.4764957945970403,0.30713184882169664,0.3932341504351818,0.3486920526078403,1
sliding block,0.4630406784726252,0.3309960584412327,0.3124728015918938,0.45679729211509046,1
sliding block,0.17850669727251542,0.5091460409657274,0.5927620456982625,0.11262811271410925,1
sliding block,0.35782094335974146,0.5169081335782929,0.3658511865015762,0.36805493821738644,1
sliding block,0.5965060006518267,0.2761725686744506,0.49551060719456086,0.16397025857949177,1
character recognition,0.24864507643016695,0.3446153363793194,0.8389511578651254,0.43018611575749877,1
character recognition,0.483832187531687,0.4964515035554875,0.4934534949562498,0.24581476862434315,1
character recognition,0.2473520787504759,0.5617671054282798,0.543186155031081,0.42745611683718576,1
character recognition,0.4392112662810953,0.49282495849700614,0.7313560065481819,0.4446077636001623,1
character recognition,0.35889822299721663,0.1168208458377655,0.31596166621516836,0.1344285936337093,1
character recognition,0.22102546363287665,0.14047342908605678,0.5372500039151922,0.45729541967499754,1
character recognition,0.17098464556904372,0.41380616637247625,0.3670489029808914,0.17696867250539358,1
character recognition,0.17788945713555185,0.49330726217190835,0.6762871145196676,0.13778573052419338,1
character recognition,0.5140660046813402,0.5047133949290256,0.6814733849416412,0.2075516361623874,1
character recognition,0.5430178466163653,0.3710387023303222,0.41120317070401535,0.3195766834322259,1
character recognition,0.48734043248557235,0.31792061725357956,0.4645950588462757,0.15673848215215536,1
character recognition,0.2490446647905782,0.2781532623793149,0.36791735869770836,0.40505002822363023,1
character recognition,0.46774834170442203,0.29038655420798054,0.36167423978191415,0.20913337678525026,1
character recognition,0.20256094023386825,0.4068860656567109,0.48305900130716717,0.2621121505144852,1
character recognition,0.5714429231328418,0.5746414045068206,0.709819209460435,0.4950035031540564,1
character recognition,0.4422276785036624,0.5736645319906327,0.3083435896445667,0.26388468924970365,1
character recognition,0.3536635100827692,0.388142332996362,0.3547906749627405,0.49108375681819183,1
character recognition,0.1631549077306538,0.28363847929502717,0.7772493674017209,0.3938168596008441,1
character recognition,0.29434961347144206,0.11557591313379653,0.5162463114632487,0.12179957358240184,1
character recognition,0.3682755031407766,0.5348235585416936,0.4383060070868323,0.3858608976675454,1
character recognition,0.2209404663541181,0.5127319372358926,0.3651752021049554,0.28328938325836484,1
character recognition,0.5354036090250934,0.5209444571872532,0.4076374125321331,0.48156606913235855,1
character recognition,0.470296919611497,0.5082709103902474,0.5861859966397753,0.3074907258319365,1
character recognition,0.21661634282701017,0.4896750400524297,0.7800546306856575,0.26798663018326985,1
character recognition,0.22863867846059602,0.3870390608581711,0.7571629083094202,0.37970982039648116,1
character recognition,0.4079435429423477,0.28678542458566814,0.5748000208046892,0.217588924170641,1
character recognition,0.5183288605167184,0.4473270756259571,0.47206718689628735,0.2425747783590373,1
character recognition,0.5937592513669909,0.515888881135737,0.6130355637265736,0.37974355327893694,1
character recognition,0.4145815187464429,0.21259883277534716,0.8325064644979818,0.4099050435589474,1
character recognition,0.34649112265882187,0.19822509453059092,0.48514599844318124,0.4733806762072992,1
character recognition,0.12169548702168467,0.15984749064018164,0.8837051769259381,0.1116935787715224,1
character recognition,0.4324472689188188,0.3845104869633038,0.5872381515870531,0.13284590585483913,1
character recognition,0.5039672065048165,0.4890074876812309,0.6712893535207076,0.4006326110427766,1
character recognition,0.253886257619109,0.2844241244185237,0.721105689226899,0.3673935915221599,1
character recognition,0.2461050246394539,0.5956319304481102,0.4323100992766483,0.31487057735021373,1
character recognition,0.43770760245398044,0.257759276189759,0.6291855875428207,0.14564614490512096,1
character recognition,0.44917420751876325,0.36949316510739305,0.5027613705891546,0.2383536050211683,1
character recognition,0.387633426796801,0.1836326994753061,0.7739683405050412,0.4546078977646061,1
character recognition,0.44301844444805627,0.18734139726125407,0.4746279344424901,0.17344803955287313,1
character recognition,0.2155588137698227,0.29373315195690486,0.8176319260946439,0.20639781782324387,1
character recognition,0.21323292703687904,0.32377233087176904,0.6335113097867762,0.3812938784077077,1
character recognition,0.3397127932005707,0.48984718697449214,0.49759735107053166,0.3138220895620527,1
character recognition,0.2990658448951282,0.5163285310499617,0.8449830946660466,0.22119317885436543,1
character recognition,0.12492529428379043,0.28504911586648396,0.453507206093666,0.1250130872037071,1
character recognition,0.16555200607525647,0.29085593515897834,0.5196105373879172,0.3416901618024244,1
character recognition,0.26393261118753486,0.44744722177707075,0.5112182893630182,0.1869016611811822,1
character recognition,0.19713165708050392,0.11906268012935797,0.6964274487221934,0.32734553246137194,1
character recognition,0.1874675305271539,0.30256742373573786,0.6753745555668416,0.26671711298204714,1
character recognition,0.1448665518781783,0.4473281831042588,0.5916968141907286,0.2446982928018886,1
character recognition,0.30188585619392905,0.3181697920702431,0.4176617115535999,0.3483330621688082,1
character recognition,0.4501459099350257,0.2579075863779148,0.8661573436153223,0.39254896762227875,1
character recognition,0.19896788775938437,0.3339701382707624,0.8345716150445583,0.48515927371046275,1
character recognition,0.13598538592590423,0.495554368039284,0.5341260908391069,0.21784520587272618,1
character recognition,0.38689652534482044,0.17633434610781237,0.7713511179664937,0.4806388328946165,1
character recognition,0.4153974355538509,0.3896937287267297,0.43550187123113915,0.15274548502758273,1
character recognition,0.5265292534282011,0.40700765239867565,0.6527015962220342,0.40053384330956965,1
character recognition,0.1362181386561905,0.3550634892731911,0.5210098690870804,0.44148878846510053,1
character recognition,0.36250742441698725,0.2830320331728108,0.7279096399168382,0.45046019140490334,1
character recognition,0.5311838271913772,0.41568038022702725,0.5427217408512139,0.37192281167054075,1
character recognition,0.45657108318390416,0.46677803071411006,0.567213087861641,0.30391607224154693,1
character recognition,0.5308901429508489,0.29641517836110964,0.5245702609194495,0.28536493635873605,1
character recognition,0.28583606651244875,0.3081706125064442,0.3509755289149539,0.41440484739665107,1
character recognition,0.14651245053045062,0.5384231814800182,0.39035660598221916,0.4639104668700501,1
character recognition,0.44656816933976473,0.4289807331218958,0.6744999072216338,0.47346363154605364,1
character recognition,0.19206522923526345,0.4829875530673452,0.7952720911956238,0.3706588481799259,1
character recognition,0.23798495441373044,0.37193206682551405,0.3872589977467984,0.3736454231887869,1
character recognition,0.21140621169025794,0.22186104764512174,0.4612123119154744,0.1331812404375787,1
character recognition,0.5599276228826817,0.29228628795235057,0.43108976067424765,0.17759370400257035,1
character recognition,0.4764454841509196,0.16609889544731124,0.7728465576805511,0.28596601375415476,1
character recognition,0.5166800716123034,0.522966333434025,0.5887081365297213,0.23050877770964223,1
character recognition,0.42129424121936576,0.19467778712201297,0.3094763323874864,0.4882276319944283,1
character recognition,0.32458967630284474,0.39350257379071685,0.7631763387485313,0.10380719408022512,1
character recognition,0.18956079942263557,0.24631732379037627,0.4235444975612115,0.15526329226109487,1
character recognition,0.2609287744328357,0.15774106926326334,0.352152303521963,0.392369615251135,1
character recognition,0.5018181412805962,0.39493117503668096,0.6303751726499542,0.24911248263245978,1
character recognition,0.5028936985972837,0.3830716067583312,0.7199047276237664,0.12470450756945645,1
character recognition,0.15120013727147172,0.31552267937672085,0.4800850813663844,0.2717006280808721,1
character recognition,0.27446382554352966,0.594440660016143,0.7250340108187051,0.19052545987030423,1
character recognition,0.12300656427665249,0.5765668997375875,0.4034098969664625,0.43387518172242867,1
character recognition,0.47766448495447633,0.18701556230145247,0.6761682177636925,0.4790898995493992,1
character recognition,0.19076347141181707,0.3973419365959754,0.5931550981836102,0.3400793469886723,1
character recognition,0.5404992285883027,0.1852130325672446,0.3180988858625897,0.13780723905031214,1
character recognition,0.13897011198290513,0.11395100802368266,0.7813674868451163,0.40133808195676635,1
character recognition,0.40278949267216124,0.1419434648213361,0.8397989068098788,0.45482429828892756,1
character recognition,0.2875548804996132,0.25757868390067296,0.37353750428765153,0.12110092902579775,1
character recognition,0.31346064813388497,0.4358219402407917,0.44878558498378096,0.4859554362036195,1
character recognition,0.38625270612260065,0.23369824407224074,0.40064044199695814,0.3324438830676085,1
character recognition,0.4351141444265255,0.4040652828716036,0.8428107819093684,0.37561514564245413,1
character recognition,0.5569658122977498,0.5525606532252673,0.3562073894843323,0.242659652772224,1
character recognition,0.20087315338797954,0.12295795132094686,0.5086380837739386,0.3466122459922363,1
character recognition,0.3410515375395975,0.3211748396244677,0.647510677196571,0.3985533586555293,1
character recognition,0.12421098212016171,0.5496488853197623,0.4323998277904261,0.10720433117679043,1
character recognition,0.31403829427980023,0.49944723271864033,0.40769981995102345,0.48655664772845486,1
character recognition,0.11955773666260769,0.3121759708927021,0.5728521824608978,0.41516473702099266,1
character recognition,0.2843916935701176,0.11295398201865639,0.3504253784278566,0.42951424774496905,1
character recognition,0.4598982886994124,0.540891831118563,0.8740081864349027,0.22100783786264722,1
character recognition,0.10688310812127286,0.4691821361953974,0.6922531076390837,0.23834225680048263,1
character recognition,0.5115588361654001,0.5971873689067568,0.4865800734803533,0.469873768598417,1
character recognition,0.3068885091578084,0.5436235580811879,0.308346640940861,0.33439761748291896,1
character recognition,0.26177387291853094,0.3940895147656497,0.7534994089818859,0.44870200345566036,1
character recognition,0.48953119096149034,0.4082395606493979,0.6767783721412013,0.36624959586586503,1
character recognition,0.2684253374200132,0.450942132749805,0.7689725142373263,0.23498704196206913,1
character recognition,0.24282808535202297,0.5435494860488471,0.7054849401613261,0.25734847074486833,1
character recognition,0.40889579846068513,0.2507008250943431,0.41992791387868883,0.35460730128498963,1
character recognition,0.30389564793607327,0.5594180709900844,0.8857451355076005,0.2287719333886741,1
character recognition,0.35916907574475065,0.13386507813444584,0.3794741421303386,0.12438752367714093,1
character recognition,0.21759082169331564,0.12625358736616268,0.6048492030920829,0.36778916737922407,1
character recognition,0.42195384094444166,0.12548488429059815,0.5836535596002443,0.38139879040264346,1
character recognition,0.515026148593065,0.2590244968118207,0.5102558795440538,0.20738964859471107,1
character recognition,0.14704305999772124,0.5839433872305779,0.8463749507830018,0.1684323843077852,1
character recognition,0.1697744497320294,0.4624168527272323,0.4399060125915053,0.2980966291686956,1
character recognition,0.24004443887848728,0.3207428446261056,0.696793282486017,0.37957149612597096,1
character recognition,0.3242277058509848,0.11124193866757162,0.8530767288150285,0.4181652622500166,1
character recognition,0.40066335471450587,0.3596080330301774,0.6916491329164569,0.26328492623642596,1
character recognition,0.1730721005701468,0.2982575187862673,0.5279480434439292,0.11066184834416255,1
character recognition,0.25140846813460627,0.5168509092198521,0.48744964768636345,0.3055548552415817,1
character recognition,0.2781396917438932,0.15439873970662119,0.6157090612664142,0.4950973201276213,1
character recognition,0.5899761009135932,0.34866442434699485,0.46584004126271894,0.3296073510909887,1
image selection,0.5647918172417252,0.6243730277039188,0.18393932480885022,0.6699351043519979,0
image selection,0.7992699703492679,0.6406472567650361,0.35939195345769287,0.7781586289068791,0
image selection,0.5030109029507435,0.9759122696418281,0.20128195678374533,0.6880466217263513,0
image selection,0.6439775766781597,0.7304872846348365,0.19018300895918644,0.7161148376221748,0
image selection,0.9110276674363527,0.5513972244052635,0.2931878725471094,0.7143799834315303,0
image selection,0.9401495816033129,0.8927403571698169,0.10522556506267305,0.8969300811803718,0
image selection,0.6889355016053608,0.9586411916685167,0.13837515972168024,0.7837189845790895,0
image selection,0.9414261250629395,0.741973485419466,0.29496490792895574,0.9119916750180788,0
image selection,0.9838742583622935,0.7922398083780697,0.12132269481663775,0.5073123632457449,0
image selection,0.6670142213084963,0.512009934237279,0.2679969901868246,0.6871549768626412,0
image selection,0.9243019827652221,0.5584687362830003,0.1645064716666258,0.9155940509926197,0
image selection,0.5684429212920601,0.545930916685831,0.3701087608109358,0.9855815707116333,0
image selection,0.8097580851816251,0.5834871695400528,0.12984055652810228,0.8891417064271281,0
image selection,0.6389383719049407,0.9791330745400157,0.26992708671365073,0.8654062759800885,0
image selection,0.8299989344855949,0.5835238975569681,0.16607800703186315,0.9610007504849736,0
image selection,0.5608167719830586,0.9075803424361345,0.1942829575689961,0.589033031924486,0
image selection,0.6235732129909842,0.8465580131448933,0.39623851321800396,0.6533179416333521,0
image selection,0.8958877195049416,0.7364354444432053,0.39160786163112116,0.6587695901050268,0
image selection,0.6847718422086857,0.9035867903152179,0.1836175995386839,0.7859542730915297,0
image selection,0.6396180590232872,0.940786739283733,0.3204006517553092,0.8459059742245458,0
image selection,0.8622679155311652,0.6364348838991734,0.2302630977777183,0.9839351451607877,0
image selection,0.9339225681592589,0.5798310561431768,0.2975059438138948,0.5281858509712027,0
image selection,0.8622648101512265,0.6489159314708701,0.11126747052689023,0.5890193707815261,0
image selection,0.9631103904298552,0.6509342036614645,0.13845533206650057,0.9015783071971231,0
image selection,0.7807392737973273,0.9757745497543473,0.3810526003413541,0.8862416995691732,0
image selection,0.8591218798779274,0.5025157133525955,0.31189324479925107,0.5269302795215399,0
image selection,0.846293229038602,0.7855600322910288,0.27582891803941795,0.8425253825232648,0
image selection,0.5603816259938376,0.6783671528434887,0.18777723094613974,0.9210652831264161,0
image selection,0.7245701878434254,0.5985141373473752,0.13949227606593323,0.7403440982833881,0
image selection,0.820221959627077,0.6123757005516088,0.05028082184255412,0.7652449828861314,0
image selection,0.7132925801535726,0.8033015205885325,0.10469355301972585,0.8420411329481974,0
image selection,0.6977289845417444,0.955560424293813,0.14166012178601345,0.6454994422479761,0
image selection,0.705301135530567,0.5622865365731398,0.1914455482321255,0.9164230237443962,0
image selection,0.6357475873888445,0.7105064784710683,0.3659931784817758,0.5859148570116748,0
image selection,0.9996868564484491,0.8056624691328165,0.23924124209171255,0.9838968199710617,0
image selection,0.5052067917529168,0.5839047258432699,0.23300308659236857,0.7538589485481896,0
image selection,0.7821800828395764,0.7124552345005539,0.2933105941765529,0.6458306309374349,0
image selection,0.7210306286218924,0.5505412067466183,0.23696286357487284,0.9798489486633517,0
image selection,0.644356334292544,0.7063348481839815,0.3609455425889168,0.8331546184694663,0
image selection,0.7189322405440293,0.886955679423566,0.16413196471692704,0.7041521733600327,0
image selection,0.5704142097947102,0.829079740714888,0.385589403050942,0.9023258515342552,0
image selection,0.9735730269909708,0.6691657337210967,0.20303876855718073,0.6781239251907833,0
image selection,0.8397024313664809,0.9274709724601702,0.11683375132529886,0.9269252465730398,0
image selection,0.7073781419729215,0.8272064357842477,0.34089547171158147,0.8637209453549766,0
image selection,0.5617931789348682,0.596409476848683,0.14065178671715586,0.7280938357934805,0
image selection,0.6305852721480758,0.6323034187383887,0.07833021933111248,0.5783276893539121,0
image selection,0.8047328545620067,0.7587897228514949,0.07013416893646189,0.8156444404036692,0
image selection,0.9403748806252894,0.938083563211728,0.21013096018091354,0.5979983290874649,0
image selection,0.7975807914283073,0.954703613711697,0.15651754107023957,0.9402317750395041,0
image selection,0.952587943436874,0.7753180879067362,0.16497985004780635,0.7611514693426511,0
image selection,0.5410978974279709,0.6447933142326032,0.37635662250454316,0.6365061054550148,0
image selection,0.7227601616793982,0.8163254567698577,0.23371228502876923,0.8392642550741256,0
image selection,0.8058407709683746,0.9895496473397164,0.31114208142837513,0.5725881045316388,0
image selection,0.853125160530092,0.7618815557414749,0.32564961501840484,0.9073340090656428,0
image selection,0.991329825377625,0.7558152325318566,0.1555757283384055,0.9602494021398514,0
image selection,0.7656315555789681,0.9875611967648052,0.09301088664653126,0.7657698468962522,0
image selection,0.5401783111167766,0.8006284573835465,0.3264742065149069,0.9218099014771856,0
image selection,0.8125380274769929,0.8641989013670749,0.06281617604821182,0.8563141467572315,0
image selection,0.9599456948442626,0.9332276835358888,0.1700998382966441,0.7965314519149225,0
image selection,0.5525576691624077,0.7534418755419177,0.343477703096647,0.5055935070790267,0
image selection,0.5698537876078515,0.6303189264383338,0.14568209030689544,0.8730814639470419,0
image selection,0.5944465078761096,0.9646570325554877,0.3592496604074264,0.7693846033171123,0
image selection,0.7456290256825939,0.9190816034317179,0.19138523348864972,0.775053567896087,0
image selection,0.5527045820485839,0.7559393522089901,0.1740898100582991,0.7038016852716085,0
image selection,0.7495685321129106,0.6654476870173218,0.3586419001609213,0.9575836306272776,0
image selection,0.5725002879231086,0.5318710152286752,0.16503876543038187,0.7923958354006904,0
image selection,0.5437011835491662,0.868479685327159,0.32522288301005864,0.8915766527648721,0
image selection,0.8608271988377117,0.6059811586687062,0.3813919512087827,0.5528237088213206,0
image selection,0.7302798011678849,0.6461676674122141,0.16042730209904993,0.6644338851020966,0
image selection,0.5858979860721827,0.9412923375832327,0.2021292914600778,0.8392708952996423,0
image selection,0.8098191966721677,0.7810698388282529,0.30563027313620655,0.6979752607440033,0
image selection,0.6999862235488545,0.9958031881112033,0.09674038950119075,0.5665081829200009,0
image selection,0.8934850108017587,0.8806907170908249,0.17728496214059175,0.606812256568074,0
image selection,0.8406537891590953,0.7192297689712988,0.36817159942144223,0.5211513221997739,0
image selection,0.5124053939791609,0.5250873810918824,0.35653128686540136,0.8804854835411313,0
image selection,0.562186363164833,0.9124577133590885,0.19292941055993162,0.6233297326545473,0
image selection,0.5776315464727979,0.8936150236800644,0.38071207648129046,0.6188666567771193,0
image selection,0.5646022828588411,0.7098748037885154,0.3189706866834575,0.7954090385492055,0
image selection,0.9648646181724281,0.7681774025216408,0.17225103765244298,0.804569219346734,0
image selection,0.866874227731937,0.7979661869006864,0.30888178183415,0.7926530907931408,0
image selection,0.922445665761815,0.6574112046095235,0.3512619901481681,0.9860539481661182,0
image selection,0.6905822764633446,0.8377333093072714,0.08779206687212929,0.6846845722385766,0
image selection,0.6038173920833132,0.9752810977271289,0.255330845554874,0.5981948864766027,0
image selection,0.5149298648257697,0.7348905332152897,0.29702312428612204,0.6291924539614729,0
image selection,0.8892294749415768,0.8275366684684256,0.21662485305911217,0.8840526723156988,0
image selection,0.9028142463021996,0.8435212793229967,0.09410785177003313,0.9310791858419638,0
image selection,0.9002123470745751,0.7300281247133955,0.11067657844913747,0.7983907540242247,0
image selection,0.6470231274411324,0.7219384178247406,0.20193229050963668,0.8135395618946575,0
image selection,0.9447432901948896,0.773492443420573,0.3430440809324213,0.6158363148125681,0
image selection,0.6933656172565537,0.5569032087342991,0.13986864030403712,0.9370437570986139,0
image selection,0.5389918758093264,0.7076561622226192,0.08643124983050617,0.807757966791532,0
image selection,0.9843250499516909,0.9470252226838873,0.1664345546638159,0.7582779794528433,0
image selection,0.9120359107088076,0.6783290975629284,0.1300358919918565,0.9743344953439635,0
image selection,0.8905472244183158,0.826305590495766,0.3679424424028578,0.5954963570502247,0
image selection,0.8012964519015005,0.500574143328484,0.05874320512589487,0.7647237830200316,0
image selection,0.5091225724701867,0.6193452425872884,0.261270798455455,0.8939836249959487,0
image selection,0.5856249121019961,0.5909957297710269,0.11975429974905442,0.5914244100411902,0
image selection,0.9244466541310813,0.7215629510051784,0.17892094999217578,0.947440346046948,0
image selection,0.5292216446822845,0.8393656341865057,0.37369896595097374,0.9784698998716443,0
image selection,0.6229518030578813,0.614382354782233,0.2709234711217092,0.724697033951369,0
image selection,0.782681420470574,0.7890257385459227,0.3036891945210979,0.5138042723615579,0
image selection,0.6688084948230889,0.8439588206586557,0.057709596927821405,0.5215909658325408,0
image selection,0.5154812818978585,0.7813848449790692,0.19659172976985678,0.5473393690252664,0
image selection,0.687632989986035,0.5001344269433752,0.12201205198160865,0.8847100535101801,0
image selection,0.7226589205980316,0.7556465786689059,0.142284095007863,0.8020727687428606,0
image selection,0.75644383275509,0.9063914889847522,0.23872598311197052,0.7437468625690461,0
image selection,0.5036213432771113,0.8345209765954217,0.23700426636440514,0.9346015406460154,0
image selection,0.6972578131138755,0.6526008551326266,0.30159163878362155,0.6624418172273708,0
image selection,0.6869449771816375,0.9952911818338475,0.3676412096244873,0.5541730030969712,0
image selection,0.6280885164318397,0.9195005405566136,0.07359530841386522,0.975962159078958,0
image selection,0.7881418016594384,0.9982583839754127,0.2216871923733411,0.7805600611289967,0
image selection,0.9826816996416661,0.9763977691151517,0.3744401279960207,0.5717378607872081,0
image selection,0.9314382885277744,0.7888881707596784,0.2135934734032081,0.7726693445522553,0
image selection,0.8343242182716155,0.540092694147064,0.13996010796929217,0.5711162635310458,0
image selection,0.543434102711372,0.7987074969548515,0.09510338860738343,0.745666251125004,0
image selection,0.9609503872211784,0.8973018236623443,0.12555164966268456,0.6129710290867794,0
image selection,0.9778074286858149,0.5047441155617636,0.19571351450172886,0.5382906204551864,0
image selection,0.9637723885601743,0.7525510010830483,0.132447716873289,0.6561532326974346,0
image selection,0.7771274292655383,0.5534198704112177,0.33899096618001023,0.8857352151835017,0
image selection,0.9362798189398868,0.6950984669082871,0.18798611279782024,0.5779198662360638,0
image selection,0.8823730342127164,0.5116005552827083,0.3297310444903686,0.947761634439159,0
image selection,0.9480931923805931,0.8925103468520263,0.26974443624813443,0.8421566520803372,0
image selection,0.5046131896332968,0.6022272430291442,0.13211795977080698,0.7160952456159619,0
image selection,0.6685238185296221,0.8575449117322285,0.32731337767114,0.8689721621426799,0
image selection,0.7399393976295146,0.6533496502956309,0.12867955656571464,0.9295236892711316,0
image selection,0.5218245693636376,0.5321794958283261,0.269619524617422,0.9997017131655859,0
image selection,0.9071300282242878,0.9888943193733233,0.16098020667912566,0.5099509507574478,0
image selection,0.5571929232335551,0.9791804856553739,0.1586686209228103,0.6435419749697022,0
image selection,0.600263438238015,0.7470297874683921,0.16974028159730542,0.9386380016716833,0
image selection,0.9515149480563841,0.9714125711259822,0.34082711443473657,0.9028270542579483,0
image selection,0.7733639331776806,0.6597300500859193,0.37786678282082165,0.8924747542066986,0
image selection,0.8998489485373941,0.8728945079451923,0.273409786263757,0.8476924244822354,0
image selection,0.6067571839974809,0.8567403295333289,0.06805074812975302,0.7227709670216409,0
image selection,0.6718841260895853,0.8128371041907494,0.2882532716358944,0.9500708672655056,0
image selection,0.7822450329843632,0.794824322705098,0.17196242174865353,0.5230310343263594,0
image selection,0.7076447501716701,0.863899610612407,0.25759092354461705,0.9906659874901216,0
image selection,0.6938290918688025,0.9471208306813477,0.3611489446543733,0.7819426240827883,0
image selection,0.8662705450518096,0.6062278825039633,0.1572981463088623,0.5745221113319412,0
image selection,0.6003495072938378,0.7943468830760978,0.39024889809231605,0.7002339912845603,0
image selection,0.5651008390755012,0.6258013913970228,0.17568982039034037,0.628334381230272,0
image selection,0.8067743619353016,0.6018793229567048,0.3086990854415033,0.6251961158229864,0
image selection,0.7113263255177449,0.9953744841597099,0.23228851869766615,0.7659095004430748,0
image selection,0.664192893423164,0.6754908887741292,0.25032257894260096,0.7044963732040035,0
image selection,0.5534077426535815,0.8410146026941789,0.2665864974536775,0.7955636286028576,0
image selection,0.6521378860008213,0.7142463696082457,0.13133398028005006,0.7859309563452621,0
image selection,0.7612413770932909,0.707375291523795,0.3117158475290599,0.9460781088459609,0
image selection,0.8636410677448821,0.6655166839581453,0.3301903125758419,0.6626231059530736,0
image selection,0.511368228368484,0.7334199319156339,0.07127118379583472,0.6786699144710765,0
image selection,0.8382069197370761,0.6098226463964431,0.06384008399213692,0.7094189939556708,0
image selection,0.5790199256302043,0.5447298232166142,0.1461633961377024,0.997258282255054,0
image selection,0.5271886615116659,0.7585407921646812,0.31698645894414623,0.7876108883951658,0
image selection,0.7485744086563126,0.8970710480205104,0.08573566176105216,0.5528097256835367,0
image selection,0.6530397498084206,0.7646339056218114,0.37070276359237786,0.5396363763851679,0
image selection,0.5919967474860988,0.9604247279470166,0.1622328955509485,0.8587392608586806,0
image selection,0.8242944118772534,0.8404912630512499,0.31127494197327105,0.950768204997221,0
image selection,0.8404402954920205,0.6727005601281493,0.10642148331820503,0.6133941152615785,0
image selection,0.6090214948447268,0.6142551603511714,0.1562577533996905,0.620868808231958,0
image selection,0.7540977796432109,0.5317734783920129,0.07695360952432309,0.681605803851467,0
image selection,0.5549300513351831,0.6891376223034487,0.16816215257590889,0.8038430658033001,0
image selection,0.8366259544287038,0.7636126276203407,0.1060986872966739,0.9174162638589374,0
image selection,0.5760704330840533,0.7558285363631503,0.21694943049885812,0.5232531159666518,0
image selection,0.8471909969595071,0.7295697572449134,0.06642860777739172,0.9951251267112033,0
image selection,0.9162797807087318,0.9806770406728037,0.2445165548826545,0.7954287951542871,0
image selection,0.5480594856071199,0.517490303683497,0.2606050123987555,0.5325027239223381,0
image selection,0.5758278273977688,0.9575158018329402,0.07513844136284123,0.8548204935624061,0
image selection,0.7735786752648806,0.908307615790573,0.07462271858445436,0.7299065310653715,0
image selection,0.9529333441793435,0.7675459886273983,0.18890052554739029,0.5467780999108401,0
image selection,0.5428182176539973,0.9292462315030982,0.21860304161046062,0.6992195916587011,0
image selection,0.5623263382511934,0.5582417996384016,0.19244249297064692,0.6877014777505193,0
image selection,0.937897404752869,0.6943316156037476,0.269880302929159,0.9313408581066096,0
image selection,0.7039203252263633,0.698783325643763,0.28808281834239957,0.6639738763940413,0
image selection,0.5295341139431633,0.6518094047464855,0.3824785428320938,0.7210082568905383,0
image selection,0.5699158317980819,0.6987008916696009,0.1555763614183932,0.6459193714493314,0
image selection,0.5361144656553679,0.7562309185351466,0.13685537677813753,0.7081651717763853,0
image selection,0.5192549066739811,0.8090121941088506,0.24566031925912324,0.8276057336701799,0
image selection,0.9149819002885349,0.9926666293279847,0.22730706284587926,0.990663570587335,0
image selection,0.5146793092070059,0.9007770227482534,0.06782017808364,0.8816068239047317,0
image selection,0.7442949062925179,0.9974070638207134,0.16404911247372006,0.6617467689697537,0
image selection,0.5452048332702427,0.6859958412981895,0.194351446496992,0.6843193002679917,0
image selection,0.8952929859585763,0.9008404005268957,0.33585076155767896,0.912396736255295,0
